horas_estudio,taza_asistencia,lectura_libros,ingreso_familiar,actividad_extraescolar,motivacion,rendimiento_escolar
1,87.29,0,100367,2,1,73.43
10,82.11,6,186870,2,5,83.06
6,88.54,2,182792,5,7,83.41
5,93.26,10,122954,2,4,87.49
7,95.4,8,99754,2,8,65.0
9,98.93,5,54307,2,1,62.46
4,88.71,3,146542,2,9,77.25
9,87.11,9,141933,3,6,94.41
9,97.54,9,196772,3,9,61.84
10,92.73,9,196929,2,6,62.72
6,97.49,8,86461,3,10,90.09
5,84.29,2,135555,1,9,79.35
8,86.12,7,196006,5,2,87.47
5,98.08,4,182021,1,1,69.68
8,83.76,5,122936,1,5,69.02
9,91.37,8,76262,5,10,81.5
7,99.91,7,153958,1,10,90.75
9,95.43,2,112519,4,3,64.92
9,87.66,2,80692,4,6,97.42
2,97.24,5,64296,5,6,67.52
3,93.66,6,169740,2,6,86.77
9,89.79,9,113459,4,7,85.16
5,97.55,1,112844,2,7,85.95
2,95.62,10,190831,2,4,91.7
1,94.78,10,175228,3,10,99.3
3,92.87,5,125498,4,7,62.12
8,92.19,3,156569,1,8,93.16
2,87.95,7,114615,2,5,69.46
9,82.72,3,185157,5,3,76.78
4,80.17,0,151387,2,6,84.55
3,81.14,6,99467,1,10,63.16
7,87.85,3,182642,2,3,89.53
3,92.42,2,98719,4,10,76.76
8,82.15,10,154037,5,3,98.02
6,81.53,9,186295,4,8,92.83
7,85.37,1,153856,3,9,80.52
9,96.2,5,162309,2,1,82.28
4,95.46,6,73334,1,4,86.0
6,86.89,4,105092,1,4,69.41
6,91.7,4,168607,4,5,64.89
2,81.15,10,84430,5,8,73.11
5,82.73,5,115875,4,3,66.17
3,80.38,6,194219,3,6,84.78
3,94.96,5,164485,4,7,68.96
10,87.13,8,171513,3,2,78.11
1,94.93,10,140446,1,1,77.67
3,99.31,6,114648,4,9,66.31
7,81.46,4,144583,4,9,94.59
2,94.48,4,116334,4,8,99.87
8,91.24,9,178969,1,10,81.06
6,89.5,6,78233,4,1,81.63
2,97.19,7,63417,3,1,85.13
6,88.32,3,162847,4,9,75.85
4,99.52,4,64273,5,2,68.62
7,82.84,4,104505,1,9,91.82
4,81.91,3,128027,3,1,62.35
5,93.01,7,167956,5,2,98.5
6,92.41,9,65531,4,7,84.78
10,83.69,1,64099,2,10,67.74
8,89.2,1,76955,2,4,98.35
2,91.31,1,149840,2,3,86.35
8,99.81,9,90035,1,3,76.77
9,91.1,2,149402,5,6,83.98
3,90.07,10,122363,4,1,74.03
5,83.71,8,99608,3,3,73.05
10,88.95,6,182836,3,2,64.92
3,92.26,3,70487,1,7,83.52
1,90.59,1,152826,4,3,75.98
6,92.71,7,100441,3,5,62.97
4,81.67,4,68472,3,3,68.4
5,92.19,8,157514,4,2,78.02
5,86.27,3,121405,3,6,68.19
3,84.19,3,62271,1,5,86.19
5,88.25,10,83309,4,3,61.8
7,84.87,4,50956,3,8,96.62
1,95.87,7,170694,5,10,69.24
3,80.9,6,144287,1,2,85.0
3,88.51,8,141223,1,3,61.49
10,89.31,4,162954,2,7,90.13
1,91.22,6,152173,1,10,74.6
5,86.33,6,180948,3,2,97.08
9,85.82,6,154725,3,8,88.53
1,84.11,4,51645,5,2,81.82
8,94.86,6,52040,4,2,97.96
9,80.62,9,81081,1,8,94.22
7,97.18,1,53083,5,3,84.0
10,91.61,0,116150,3,2,81.48
7,92.43,1,102347,1,2,97.1
6,94.8,9,52809,2,2,93.44
10,98.75,3,94810,4,5,95.73
5,84.81,3,169111,2,10,92.35
3,95.33,9,194680,5,1,69.61
7,86.29,9,123264,5,9,75.36
10,88.98,6,86671,1,8,73.61
9,88.37,2,171809,4,3,62.8
9,91.5,10,56901,1,6,88.81
5,98.34,9,72498,5,5,74.17
6,82.87,7,172232,1,9,63.75
5,94.73,7,197667,4,1,64.23
10,96.0,1,78451,4,7,88.43
6,85.87,10,152854,2,6,85.46
4,87.19,10,190499,2,1,70.63
1,81.66,6,142797,2,7,96.56
3,82.36,1,148673,3,6,89.38
8,85.5,3,78722,3,10,72.23
9,80.62,7,82100,2,4,67.11
2,90.39,4,112710,3,9,96.73
2,87.8,10,151966,5,10,64.52
9,90.51,0,52526,3,5,87.27
5,98.24,4,179575,5,9,84.35
1,94.6,8,198330,3,4,80.26
7,90.12,5,170294,5,6,75.95
6,88.92,4,96846,3,7,76.65
5,88.72,3,178880,4,8,87.87
8,85.79,2,58694,3,8,69.76
7,83.13,4,103468,3,5,97.45
8,82.19,4,149788,5,1,63.36
6,85.68,10,163877,5,6,67.59
1,88.85,4,107154,5,5,86.21
1,98.89,6,180432,3,7,60.95
8,90.32,4,199805,3,1,99.05
9,92.31,6,70413,2,8,83.68
1,99.21,6,96882,3,3,72.48
6,88.1,9,111336,5,1,93.89
4,84.14,6,96663,3,3,60.8
1,81.63,5,183890,5,9,99.43
5,90.02,1,86595,1,7,92.64
5,99.14,2,153818,2,8,96.96
1,99.32,0,168248,2,9,66.96
3,81.38,8,159837,3,10,95.78
4,97.22,2,57811,5,10,89.03
6,86.21,4,66338,1,10,62.96
2,97.48,8,168742,5,8,87.72
6,90.0,7,169661,4,8,74.82
1,88.57,1,118019,3,8,82.83
3,93.77,8,161648,4,2,79.98
4,98.01,7,173707,5,3,88.91
7,87.82,0,158941,2,5,81.75
5,97.88,3,160355,2,9,71.78
4,90.98,3,108937,2,3,76.91
3,88.18,9,114024,3,7,77.52
8,93.43,10,96508,3,1,84.35
4,91.83,5,110617,4,3,65.27
1,84.1,5,133264,3,10,64.82
5,87.97,5,134094,2,3,61.19
3,94.7,2,58824,3,3,99.04
5,84.29,10,124882,3,10,95.53
4,94.65,7,189427,1,9,63.8
9,95.2,8,135704,1,2,92.61
2,80.45,8,84751,4,7,77.93
4,81.04,9,98262,1,3,95.97
2,93.49,3,102009,3,4,68.28
1,99.17,3,88094,5,9,87.04
10,93.75,1,63448,2,10,69.97
9,95.6,1,195902,2,4,99.24
2,89.61,1,187318,2,9,89.35
9,84.23,5,170179,4,7,77.59
2,99.04,3,194212,2,6,61.54
2,89.55,1,77596,5,10,75.23
6,82.89,3,172374,2,3,77.09
10,80.13,4,114299,5,5,69.7
9,93.03,5,194509,4,2,81.89
8,99.81,3,111975,4,4,66.26
1,96.28,2,120878,5,10,76.2
2,81.53,4,134770,3,1,79.02
8,95.93,8,127928,4,3,61.09
2,83.02,1,54858,4,4,92.27
7,81.49,10,161165,5,9,83.95
5,89.11,6,127019,1,8,75.86
8,85.92,2,199940,1,5,87.32
3,99.11,8,109329,5,8,62.68
7,90.33,2,118743,5,7,74.15
4,94.01,0,168108,2,2,85.21
6,80.38,1,52222,3,2,99.9
5,88.09,6,159047,2,1,89.68
8,93.4,1,161771,3,3,84.01
2,86.2,7,191003,4,4,80.82
10,88.28,10,65756,3,8,93.38
7,84.28,9,155916,1,10,81.91
10,93.89,2,67061,1,7,91.07
7,91.61,10,121791,3,1,72.25
1,84.03,8,186910,1,1,62.45
8,86.76,7,177888,4,9,94.77
4,93.56,8,170398,2,3,73.48
7,94.54,3,68141,1,3,94.85
1,91.85,7,82863,3,2,77.61
4,88.33,8,112962,4,9,94.05
1,84.35,3,60384,4,6,74.43
9,86.74,8,53359,2,8,92.37
2,93.39,10,139295,4,9,86.13
8,97.42,6,67306,1,10,76.29
9,99.58,3,123857,3,5,89.01
5,84.62,0,94129,1,6,80.78
10,85.9,1,126030,5,10,79.56
9,93.36,2,121681,2,8,79.0
10,96.14,2,77941,2,6,60.3
5,83.6,7,60985,2,5,73.31
7,80.58,9,157483,4,3,95.55
6,86.83,0,84446,1,6,67.34
9,89.84,3,182212,4,8,83.23
4,87.35,2,71496,3,9,82.67
7,95.78,4,56335,2,10,86.07
9,89.35,4,61128,2,1,93.3
4,91.67,4,181109,3,2,96.74
3,90.11,0,54287,5,1,70.83
9,86.74,0,106985,1,9,77.45
4,97.51,9,137211,3,4,65.45
10,83.33,1,171354,5,8,88.29
10,82.95,2,198175,4,5,90.78
8,92.2,0,178275,2,2,61.15
8,92.81,1,84014,1,2,79.56
3,80.44,7,192092,5,6,85.12
7,99.94,5,50589,1,5,90.37
5,92.53,4,142332,3,4,93.61
2,99.73,1,159377,5,9,77.71
10,83.82,3,177378,5,2,86.52
1,85.08,6,91479,5,10,88.42
3,86.46,3,76956,2,1,89.44
6,81.92,3,88653,4,6,80.48
2,87.76,9,156713,5,6,88.85
4,97.05,9,187983,2,2,78.11
7,82.94,1,196976,3,2,87.18
1,87.72,9,142791,3,1,95.02
1,80.25,0,97681,2,6,90.59
10,94.44,10,181066,2,5,87.97
3,95.12,8,113320,4,7,76.12
1,89.92,4,83433,3,9,85.72
5,88.89,6,157418,3,7,62.88
7,95.8,1,56346,1,4,84.95
3,88.07,3,136867,2,8,66.78
10,94.24,5,85081,1,2,75.06
6,87.59,7,84923,3,2,80.83
7,91.06,10,161060,4,3,84.18
7,80.05,4,141303,4,6,68.12
1,86.45,4,120787,5,4,83.95
1,96.07,6,131799,4,8,77.04
9,80.27,5,85483,4,3,92.26
1,90.2,3,128704,3,4,87.3
5,93.83,8,181157,2,8,80.2
2,99.25,10,147014,1,4,77.88
2,90.85,3,189565,5,7,94.96
10,90.45,6,111893,5,8,98.84
7,89.43,0,181724,4,10,60.46
9,88.26,5,172525,1,1,74.29
6,86.6,4,71965,4,2,71.39
8,87.99,5,166013,4,2,79.34
7,92.75,0,58878,5,1,90.55
4,81.97,3,161646,3,1,88.26
2,99.55,9,109785,3,5,90.91
5,81.66,6,53977,5,7,88.73
1,88.83,9,170238,4,4,87.77
5,83.4,2,138854,4,5,73.13
3,95.33,0,148733,1,9,62.41
1,97.8,8,136765,3,1,88.2
8,96.8,4,177514,3,1,91.11
2,81.75,4,183515,1,4,69.31
4,91.08,10,163906,5,7,85.22
1,98.52,0,54235,1,7,82.99
9,84.64,6,195657,2,2,62.68
8,87.22,7,70341,4,7,70.72
7,93.49,6,103300,1,4,66.29
4,86.43,0,186192,1,4,95.23
5,83.39,10,133134,5,4,65.19
6,91.95,0,168313,2,9,86.55
10,84.05,1,179505,5,8,68.2
8,89.2,4,163864,3,3,76.52
7,99.82,5,147711,2,3,74.59
4,98.09,3,155107,1,1,96.49
3,95.0,9,95406,1,1,84.54
10,86.49,9,121517,2,10,73.39
4,95.48,6,188283,1,10,73.11
3,85.26,5,180827,4,7,81.26
10,97.11,8,64141,4,3,95.23
7,99.73,7,90683,4,1,77.79
2,93.18,6,127696,3,7,69.49
4,97.56,9,131146,5,8,97.83
10,97.24,5,170445,4,10,63.74
2,93.19,6,140560,4,7,93.99
1,85.92,4,186011,1,4,89.54
10,82.39,1,144315,1,6,61.85
1,95.39,4,118091,5,10,67.01
10,83.96,2,57516,4,9,90.55
8,88.2,4,150714,4,6,90.38
10,87.74,6,173216,2,4,79.54
7,95.85,10,182200,4,6,85.94
6,97.13,10,161812,4,6,98.97
7,89.37,1,126937,2,3,68.76
7,91.36,3,131327,1,9,77.1
8,83.61,8,126590,2,8,76.27
10,98.17,1,102266,1,1,93.64
5,80.46,9,138518,2,10,94.06
5,99.94,4,67176,3,3,62.63
10,80.32,3,55621,2,3,68.71
1,95.56,3,111385,2,8,74.2
9,98.38,9,85150,3,1,62.89
8,95.44,9,105782,5,6,76.95
7,92.32,4,151979,4,10,90.5
10,80.55,5,190142,3,1,63.88
10,89.43,0,133329,3,5,96.59
8,91.11,1,130886,2,10,92.92
5,92.64,1,135081,3,8,74.25
5,80.97,0,86158,1,10,69.67
6,90.06,10,100999,4,3,89.34
9,80.08,6,169811,3,10,93.52
6,94.15,8,77664,2,3,87.94
10,98.99,5,166949,3,2,83.95
9,84.34,4,111163,2,4,84.8
5,84.16,3,171865,2,3,68.7
5,88.11,5,94589,4,10,79.8
3,83.08,9,124015,4,10,60.97
7,86.65,6,118574,1,1,85.11
6,95.21,8,138050,5,4,66.62
4,87.8,5,199190,3,10,83.01
5,84.06,6,146586,1,3,91.7
9,89.13,9,117316,3,5,82.55
7,99.44,5,126710,3,9,94.0
1,83.15,4,133300,3,6,63.01
7,95.92,0,59138,2,2,96.87
5,81.89,2,130139,5,9,61.15
7,94.92,0,187165,5,7,92.08
2,93.38,9,110667,1,1,96.83
8,80.02,8,135879,4,4,94.66
10,91.47,9,157864,2,10,76.26
5,85.22,8,66606,5,8,87.36
4,88.38,9,194086,5,7,76.13
3,85.6,8,122381,1,9,72.44
10,91.04,6,137879,4,6,76.53
5,91.04,8,83149,5,7,95.69
8,97.21,5,169353,5,8,72.89
1,80.04,4,86004,5,4,61.8
3,94.96,1,184982,4,2,65.96
8,83.85,9,86399,2,6,69.74
9,84.19,9,91520,5,7,83.93
4,91.61,1,175235,4,4,75.12
3,84.38,10,115122,2,10,67.08
3,85.18,0,113854,3,1,87.54
7,93.57,3,127823,5,7,71.61
10,99.78,4,157239,4,9,71.68
1,86.75,9,103777,4,8,71.13
7,88.56,3,106110,1,2,91.42
6,87.0,2,114828,1,5,77.97
3,93.08,6,94745,4,7,61.86
10,85.53,3,178196,5,3,75.4
9,87.94,8,152052,5,1,89.69
9,87.81,3,84494,1,9,83.2
10,85.59,10,121182,4,1,63.99
4,80.74,10,116167,3,7,72.27
2,95.85,5,159274,5,7,77.33
8,95.58,2,87722,4,1,89.56
6,93.41,9,134954,3,6,66.68
1,93.95,8,81770,5,8,76.61
5,99.1,7,85242,1,5,60.54
9,90.48,5,90467,5,9,77.95
7,82.68,9,182019,4,5,69.86
2,95.51,7,87171,5,10,78.98
9,94.14,2,186472,5,5,81.86
7,83.03,8,180957,3,4,93.82
4,92.24,1,126837,5,3,83.75
7,87.33,1,99513,4,1,73.62
7,85.8,4,63905,5,6,90.18
8,97.16,10,66419,1,1,96.7
3,92.23,7,119706,3,10,70.81
7,83.53,1,112471,5,4,90.51
6,81.6,10,98169,3,5,80.8
6,98.74,6,114466,2,6,61.99
2,89.8,9,84093,3,9,92.49
3,80.29,6,91659,2,8,87.36
3,93.61,2,118392,1,1,67.34
7,85.82,3,65192,4,8,74.96
4,83.94,1,88381,5,10,71.75
4,95.87,4,191070,1,8,78.22
6,87.12,5,191572,2,7,67.68
4,84.23,1,95951,5,2,89.92
6,97.31,0,145958,2,10,66.75
9,80.07,8,141498,2,9,89.84
8,97.69,9,163185,3,2,66.58
8,88.42,2,73350,2,4,60.49
5,95.18,6,170385,5,8,85.98
2,99.15,2,68418,5,8,93.29
8,82.97,9,110076,5,10,83.8
3,83.59,3,56106,1,8,61.17
5,82.52,1,83778,3,9,65.23
9,98.39,6,118522,3,7,97.1
4,94.07,8,132646,3,9,60.84
8,98.81,9,104630,4,7,63.65
6,93.49,0,109101,2,8,87.64
1,89.15,3,107968,5,9,92.55
2,96.61,8,171651,5,5,61.9
7,94.08,8,91980,3,4,75.96
3,97.09,9,74398,5,9,95.39
8,91.47,6,167948,5,10,72.02
3,80.64,2,197116,2,3,82.54
6,81.86,5,172807,3,8,67.31
10,81.7,1,88686,2,6,61.32
10,93.48,8,183916,5,10,85.78
2,88.9,5,91155,4,8,90.18
3,96.65,8,114549,3,9,74.13
2,86.8,5,97004,4,6,90.53
3,80.8,4,98008,4,3,70.11
6,90.87,3,167246,5,6,64.98
10,81.22,6,91210,5,3,69.5
6,92.52,5,91596,3,10,82.75
9,81.12,8,188812,4,6,72.38
1,96.0,9,125915,4,9,66.99
10,97.47,10,199948,3,6,60.59
5,89.39,8,143868,3,4,71.14
6,97.79,7,119890,5,6,71.33
6,83.32,1,96183,2,3,78.34
6,81.71,5,113831,2,1,94.13
2,89.36,9,118422,1,7,66.84
10,85.39,9,100908,1,1,75.38
1,86.88,4,77973,4,10,79.73
5,89.86,8,150948,5,4,85.51
2,98.43,7,108516,1,4,96.79
3,98.12,4,92407,1,9,95.45
3,84.91,6,196581,3,10,86.33
3,92.27,2,69002,4,8,69.25
2,84.62,10,162386,5,5,62.9
10,84.03,8,184828,5,8,98.3
7,90.6,8,102378,5,9,65.39
7,83.82,4,74282,2,3,81.86
3,90.93,1,181703,1,7,75.88
9,94.21,10,88069,5,8,75.0
7,83.99,8,197531,3,3,89.6
6,88.19,7,199238,2,9,95.06
7,90.71,9,169294,3,6,93.06
5,98.84,2,136633,4,7,71.4
1,80.55,10,114040,2,3,89.46
8,95.93,10,199712,4,10,75.32
8,88.56,3,130323,5,5,92.21
6,80.44,0,125831,3,9,62.35
6,90.22,6,171590,3,6,96.96
7,84.44,0,148292,1,7,89.98
7,95.75,5,125968,5,4,77.25
2,80.29,3,172964,2,4,68.17
6,81.61,3,117055,5,1,79.11
9,98.55,6,134636,1,5,67.0
1,85.1,4,71126,5,2,67.91
3,90.95,7,69718,2,1,83.72
4,98.84,0,123229,5,6,66.11
6,90.79,10,116093,4,7,73.47
10,94.4,5,70026,2,6,60.48
1,86.45,2,106487,2,2,80.62
1,88.61,7,73942,3,1,92.27
1,89.88,10,193599,2,5,73.77
8,86.13,7,95817,1,6,80.86
2,90.92,7,134103,1,4,98.43
10,86.59,8,176547,3,6,77.47
1,95.24,1,110299,4,2,72.43
8,94.98,0,99515,5,2,99.21
5,90.57,1,137749,4,2,84.33
6,97.28,7,102047,2,5,92.59
2,94.64,1,142340,1,4,77.13
9,95.89,8,99726,1,1,68.93
2,97.31,8,121910,5,1,65.35
10,88.56,7,146109,3,4,73.1
1,95.4,6,74378,3,8,94.34
4,91.6,3,184370,5,2,70.47
5,80.44,4,53603,5,6,75.39
4,91.3,8,109094,1,1,60.53
6,83.1,4,60089,1,4,94.76
3,95.69,2,108449,1,9,99.69
4,80.53,6,154336,5,6,85.41
4,86.83,5,83541,1,6,67.11
10,91.68,7,180756,3,4,78.96
1,86.32,4,92308,3,8,79.34
2,89.23,1,149130,5,3,89.14
9,85.63,0,130409,4,10,98.96
5,99.88,2,170137,4,9,74.62
7,85.65,6,50990,5,10,67.21
1,89.37,7,183676,3,8,98.47
9,85.83,2,137349,2,4,76.17
2,89.89,8,134608,5,5,83.84
8,84.29,2,185428,4,10,64.64
9,83.65,4,175656,1,9,84.97
8,94.55,7,162733,4,2,93.04
8,93.24,9,69047,4,3,96.72
6,95.27,7,67320,1,8,93.8
2,95.37,3,76941,3,2,64.35
9,87.0,9,199368,5,8,84.65
2,86.9,1,186165,4,3,60.86
10,99.62,9,185764,1,4,72.74
6,91.57,10,83003,3,6,77.26
4,99.56,1,139421,2,5,84.12
3,80.75,5,86662,5,2,88.72
7,91.5,3,146968,4,9,88.79
3,82.69,1,62906,5,9,97.95
3,84.48,9,140651,2,8,70.81
10,90.22,9,197242,4,2,89.22
1,90.46,0,83545,2,1,92.22
4,88.23,2,149745,1,9,70.17
1,99.78,2,75556,2,10,78.29
1,97.67,9,148157,1,10,90.77
4,91.53,5,72889,2,7,78.46
8,98.52,1,50086,3,3,74.44
7,87.21,9,172939,5,2,98.91
1,99.36,10,162083,2,6,79.71
5,92.91,0,189360,5,8,76.29
7,84.97,1,57546,4,8,63.88
8,85.34,1,77329,3,3,92.92
4,82.37,6,117854,5,5,76.77
7,88.56,8,114000,5,3,77.83
3,99.2,9,137238,4,4,76.87
5,92.45,7,198239,4,4,63.39
4,96.43,4,171942,1,3,64.61
5,83.75,7,122780,1,1,86.05
2,98.27,6,198971,4,8,93.32
8,93.03,2,173845,5,5,93.75
8,89.78,10,67547,2,9,85.69
5,99.25,1,141533,4,9,81.19
7,90.92,1,56558,5,9,76.27
3,98.6,8,104412,5,5,93.02
1,89.71,5,65462,3,8,65.37
9,92.81,1,129014,5,9,71.82
1,87.02,6,67838,2,2,97.49
7,93.73,10,131194,2,8,76.42
9,80.39,4,162423,5,7,94.79
9,88.6,1,193876,4,6,98.73
7,96.33,3,179419,1,10,90.76
5,90.93,4,81226,2,10,77.53
10,87.62,0,194633,4,2,90.81
4,92.56,5,152767,5,2,78.68
9,88.89,0,62663,3,6,82.78
2,85.72,2,158502,4,9,79.55
9,99.64,9,77790,1,5,92.07
7,95.16,0,67488,5,1,78.63
7,93.52,3,54484,2,3,69.88
4,89.21,0,154472,2,7,65.77
1,88.03,1,162383,5,9,92.46
1,82.0,2,196681,4,3,62.67
7,96.24,7,154069,2,8,79.55
7,82.33,6,110813,4,4,73.46
10,86.46,8,72431,2,8,72.95
7,92.89,4,169014,3,7,79.81
2,93.99,7,104760,2,3,93.68
10,83.07,8,106713,3,9,94.64
3,93.54,4,149245,4,1,89.93
8,95.87,1,157512,4,6,86.21
9,88.92,8,103257,4,2,83.33
8,92.28,3,121549,1,7,80.37
10,99.73,5,140145,5,8,97.38
5,90.8,1,96978,5,1,72.1
5,99.37,3,156267,5,9,65.19
8,92.83,4,199993,3,1,74.48
9,83.45,7,164822,3,10,62.23
5,96.29,6,123175,1,1,85.05
4,94.86,10,179656,4,7,68.93
5,95.82,9,193468,1,2,67.7
2,90.96,10,101546,4,9,97.97
3,81.85,0,91735,3,4,71.88
10,84.22,8,153878,4,1,70.36
9,93.16,0,58651,1,6,90.39
8,92.95,7,58685,5,3,66.47
1,96.26,10,163657,5,9,98.41
5,88.61,7,63811,1,3,95.9
9,96.05,3,176299,5,4,95.23
3,89.66,0,172428,2,1,68.54
10,98.71,9,97077,3,9,61.82
5,97.17,4,95095,4,5,91.73
10,81.46,8,129786,1,1,69.5
2,99.9,7,74167,3,8,98.95
4,96.63,5,152888,2,1,81.6
9,97.22,5,57440,2,8,96.74
7,90.03,6,57916,5,9,71.15
7,80.94,2,187915,1,6,97.56
4,88.32,5,61016,1,6,74.58
1,87.45,2,69463,2,7,74.6
2,97.75,8,181396,1,7,74.81
4,89.72,4,145838,1,3,81.49
4,93.55,9,120877,2,7,69.03
4,97.73,3,91143,5,7,85.22
6,89.12,0,90084,3,5,75.76
4,92.66,0,100911,5,10,93.87
7,90.55,0,198384,3,3,60.89
9,85.94,8,186413,2,5,69.83
1,94.26,1,185422,4,10,78.23
5,84.9,7,136796,3,1,68.0
9,87.56,6,187930,1,10,74.66
2,85.65,5,100360,3,9,85.11
10,95.37,7,189022,2,7,69.64
4,80.85,1,149835,5,6,94.97
2,81.86,2,143539,3,8,70.24
1,82.8,5,151348,1,10,72.99
8,89.78,1,97787,4,7,87.02
8,88.28,6,191492,1,2,90.49
8,92.02,7,151930,4,7,91.44
5,86.26,7,132269,4,1,79.19
9,87.07,5,157040,3,7,64.15
8,99.64,9,77604,4,9,61.79
4,93.66,9,84530,4,2,78.07
5,97.57,5,101609,5,2,68.93
8,92.42,2,118545,4,4,62.74
1,83.13,7,156993,4,10,67.63
2,85.39,9,149161,3,1,90.26
4,90.09,1,157475,5,9,89.5
8,90.44,10,136383,3,9,79.54
1,90.4,9,107426,5,3,63.12
7,96.05,7,167212,1,2,90.39
6,85.69,2,112193,1,7,70.96
1,97.41,10,80367,2,9,84.34
8,98.62,6,190033,3,4,78.26
7,84.85,9,85840,2,4,97.61
10,92.41,6,153742,5,7,60.31
6,92.93,3,55476,3,5,66.91
9,88.42,6,87881,3,8,84.65
4,93.29,1,86474,2,8,82.81
2,81.82,4,145725,3,2,69.65
9,80.23,2,165284,4,7,75.96
1,82.74,3,194250,3,10,97.68
2,96.3,1,194197,2,8,88.29
9,80.23,4,176354,2,6,63.93
4,90.77,1,163950,1,3,90.79
6,95.96,8,198781,5,10,95.0
8,81.66,10,60366,4,10,74.45
9,90.17,8,142944,2,7,63.65
1,86.05,0,106743,1,3,97.94
5,90.52,9,195130,1,5,88.8
3,94.79,5,91528,1,10,64.95
2,96.99,10,177549,3,4,85.2
8,95.41,3,138540,5,3,82.13
3,84.69,10,165094,2,3,71.32
2,92.15,7,166507,4,9,88.84
1,92.23,3,60698,4,3,80.63
8,82.67,5,187588,3,7,62.41
3,93.82,9,188792,3,1,68.02
10,85.1,4,186017,1,5,99.34
2,80.87,9,62423,2,4,60.73
9,99.78,0,88927,5,4,73.97
9,89.54,8,55592,4,5,67.74
5,88.89,3,69375,1,6,96.12
9,97.42,6,97863,4,5,69.91
4,87.2,10,86009,1,8,76.55
5,87.54,7,138317,2,9,84.1
7,93.04,4,179657,1,7,64.55
9,84.91,6,140046,2,4,70.74
5,85.55,2,128933,4,8,81.9
2,89.55,0,58245,4,8,73.74
1,88.65,7,51311,2,3,67.99
6,80.31,9,182819,2,5,84.76
2,86.43,6,179792,2,10,70.28
9,83.58,2,186690,3,10,92.43
1,86.05,6,95600,1,8,86.58
8,99.5,7,149015,3,8,90.98
3,83.96,6,95779,2,1,89.28
2,99.23,7,137448,5,4,97.54
7,84.65,8,89898,5,6,99.47
6,95.2,1,98318,3,5,66.65
7,92.28,10,65858,3,1,89.03
8,87.34,10,136212,4,1,95.99
9,80.74,5,147433,5,3,69.12
1,96.75,3,166051,4,10,72.74
2,90.8,6,133826,4,4,77.67
1,82.22,0,75634,1,3,63.75
5,93.86,1,149005,4,5,94.35
7,91.86,9,72729,3,3,68.75
7,94.98,7,67253,5,5,81.98
4,87.22,9,63336,3,2,92.62
3,89.75,1,167340,4,3,70.66
4,94.41,4,173613,5,3,67.19
10,86.36,3,69547,3,8,93.2
2,95.47,5,194314,2,10,64.21
6,97.39,3,190241,2,2,86.93
8,81.72,5,125718,3,6,80.85
9,91.49,2,90338,2,3,91.12
8,96.62,8,78411,1,6,89.17
6,91.96,10,65704,1,7,69.38
1,98.09,9,54551,1,5,74.29
1,93.77,10,101703,2,3,71.95
2,87.8,2,81552,4,3,73.4
4,80.94,0,83699,1,9,75.69
1,85.31,7,196956,4,4,63.65
2,96.42,8,122226,5,6,88.91
4,97.64,1,129885,2,1,99.6
9,94.01,5,68320,5,1,98.55
5,96.09,1,193814,5,3,70.62
8,89.19,0,133750,4,8,98.86
3,97.15,1,130175,2,2,89.45
9,87.61,10,182970,5,9,99.05
8,87.0,5,139276,5,9,60.81
5,80.16,6,132632,5,6,74.96
8,82.34,3,108133,1,1,69.02
4,88.29,8,68773,4,3,75.34
10,84.78,3,85476,4,9,73.98
8,92.21,0,160419,4,7,78.44
9,92.74,7,182528,3,6,85.97
6,88.39,9,98399,3,10,63.34
1,89.65,4,98930,1,9,68.27
7,85.7,1,156031,1,8,63.15
4,83.63,1,154565,1,5,73.21
6,89.51,6,128744,4,9,65.37
6,92.25,5,144833,3,4,78.17
10,91.2,8,54888,4,10,92.84
10,83.78,1,140722,3,9,71.95
8,88.35,1,137000,1,10,97.14
9,89.13,3,118124,3,6,69.19
4,83.84,3,114213,1,4,60.61
1,82.36,10,75408,1,4,82.1
1,87.98,3,86303,1,6,73.92
1,93.56,3,167093,2,10,62.24
8,98.0,7,91956,3,2,93.89
10,89.74,2,91021,5,6,77.6
6,97.84,4,73513,2,6,63.31
8,82.44,0,126765,4,8,74.4
7,92.97,6,76410,3,4,76.39
7,98.85,0,144123,5,8,72.76
5,98.42,2,51875,1,3,94.63
6,96.76,6,127376,5,8,68.76
4,97.89,3,75542,1,9,88.33
2,87.33,8,97627,4,4,66.6
8,90.47,0,144498,1,9,99.64
6,95.76,7,75245,5,7,85.85
2,90.42,9,105816,2,1,92.76
1,84.4,10,107616,2,9,76.59
5,92.52,5,80945,3,10,85.76
7,88.98,0,197664,1,6,70.59
6,96.44,6,179965,2,6,64.95
7,85.53,8,89396,5,8,97.03
3,93.33,1,194870,1,1,86.06
6,85.02,6,120507,5,10,69.73
4,82.35,8,171614,5,5,75.87
5,96.92,2,199404,1,1,70.7
2,96.5,3,110350,4,3,62.87
5,86.38,5,196924,3,8,91.57
4,89.99,1,176418,4,7,89.58
1,90.43,6,89928,1,8,98.27
6,86.62,6,185969,2,9,71.43
2,87.37,4,107517,1,5,63.92
1,99.3,10,118721,4,4,79.06
9,96.11,2,168484,4,7,64.89
8,96.33,3,62414,4,9,74.72
2,96.26,2,162378,3,5,90.08
2,82.12,7,183878,5,1,95.98
5,98.07,4,111854,4,5,60.85
6,99.07,2,168324,5,1,90.0
6,98.79,9,153074,2,10,66.04
1,85.55,6,126514,5,6,62.8
7,81.48,10,195632,5,6,60.93
7,96.86,6,123252,3,1,75.07
2,80.99,7,154727,1,9,76.59
4,89.93,10,84928,4,8,62.08
2,85.21,2,80807,3,5,65.08
2,80.44,0,157865,4,7,82.93
9,91.18,6,59427,1,8,71.72
5,85.01,9,75903,3,8,72.26
2,85.21,1,128593,5,6,63.05
1,88.65,1,76342,5,2,77.47
4,85.76,2,128219,3,4,65.81
10,88.6,5,99481,3,9,87.27
8,92.17,10,112679,4,3,75.08
1,88.74,7,191691,5,1,94.82
5,86.57,9,132275,5,9,77.68
3,94.02,0,112370,2,7,79.56
7,84.64,1,77937,1,9,62.27
8,88.59,2,176605,1,5,97.23
9,90.5,8,93210,4,3,92.13
3,83.92,8,86124,2,8,67.98
2,81.95,1,75262,2,5,69.87
2,80.14,8,90870,1,2,76.63
7,89.69,8,139044,3,6,74.26
3,94.12,6,159661,2,5,81.99
3,92.76,5,197558,3,1,70.74
5,93.93,0,197888,5,3,92.14
5,86.19,5,103547,4,6,99.71
6,89.65,10,69218,5,3,64.02
1,96.31,2,100394,2,4,98.98
9,92.1,9,190828,5,1,91.86
7,88.39,0,95116,1,9,68.18
4,83.11,7,89518,1,6,95.87
8,87.29,1,198820,4,3,60.29
2,89.86,9,195678,5,2,92.55
10,88.47,5,54247,3,5,76.82
1,88.69,9,199286,5,4,96.16
3,89.13,10,155429,1,1,94.62
7,91.13,3,123909,2,1,69.73
3,92.25,8,59322,1,1,74.68
4,92.58,6,54776,5,1,64.82
3,98.59,9,79445,3,3,62.95
7,92.87,4,144139,2,9,73.31
3,89.06,4,195031,1,4,82.23
3,94.73,8,123665,4,2,85.12
4,84.86,4,131904,2,7,72.76
3,81.3,6,173696,4,10,95.16
6,89.21,4,192390,4,3,77.39
4,90.1,5,171396,4,7,95.01
5,90.41,5,165464,2,6,73.58
1,80.4,5,168637,5,5,74.03
8,83.84,9,161052,5,9,64.71
9,93.68,4,117362,1,8,77.9
1,94.58,6,104065,2,3,93.24
6,97.91,5,97765,3,5,63.07
1,96.43,4,193506,1,5,88.76
4,96.73,2,153250,1,1,61.83
5,83.72,4,176612,5,9,91.84
2,99.03,4,191483,4,9,97.25
3,93.28,6,169053,5,4,93.45
2,96.86,9,169035,2,3,78.12
8,96.2,2,92540,4,1,86.23
6,98.87,2,68611,3,4,60.05
6,94.57,7,86464,3,4,62.63
7,98.83,2,147968,5,8,64.98
10,89.17,5,118809,5,1,91.13
1,84.03,1,197365,2,7,92.78
5,95.99,8,125120,1,4,77.72
2,85.8,6,158621,2,4,64.3
10,80.55,0,110242,1,6,97.31
1,85.9,2,176049,1,1,83.93
5,89.35,8,134711,2,1,78.28
1,80.85,2,112127,2,4,69.4
9,91.19,2,174770,5,6,74.63
6,91.36,4,103064,2,6,62.2
2,81.86,6,87498,1,6,64.1
7,81.82,5,179818,5,6,91.51
8,94.16,1,64362,2,9,62.78
2,86.42,9,191159,3,4,99.7
3,97.03,3,188281,4,4,77.93
1,80.5,9,83565,3,2,72.93
5,97.12,10,113298,3,6,91.18
10,89.01,10,149194,2,5,99.35
8,81.42,9,85287,2,3,88.3
5,99.32,10,62256,4,9,75.65
2,96.77,10,89862,4,1,82.31
5,81.03,7,181489,2,3,87.51
1,97.83,6,86394,3,1,78.37
1,88.04,2,160846,5,8,63.25
3,94.19,0,154357,3,2,98.07
7,96.54,5,134812,3,8,96.45
8,90.18,10,102628,1,6,93.3
7,90.62,8,102352,4,8,79.45
2,92.07,4,130421,4,10,94.67
4,81.74,1,151339,2,3,75.5
6,83.95,3,97112,5,4,75.7
3,85.74,8,179090,3,3,74.28
7,91.27,1,182695,5,10,77.13
5,94.86,5,56924,5,4,80.35
4,89.54,1,198603,1,8,66.59
1,99.5,8,157348,2,4,74.07
10,91.63,10,160346,2,2,83.0
7,89.96,7,187496,1,6,83.79
9,80.6,3,150925,5,9,69.17
10,98.39,5,91829,3,8,80.31
6,90.18,5,94914,1,6,88.43
8,98.18,8,177374,4,1,97.38
8,96.52,2,160063,2,1,87.24
10,97.09,6,102400,2,7,83.19
5,82.13,9,148204,1,3,77.22
5,80.48,6,181129,1,10,96.03
8,82.13,3,199301,4,7,77.16
7,85.45,8,162020,5,7,75.81
9,85.92,1,151791,3,9,83.7
10,93.49,4,114060,1,8,66.9
2,84.12,1,170089,3,10,96.23
4,91.73,7,62142,4,3,99.71
2,86.11,6,126581,3,9,78.67
4,90.16,3,127684,1,3,92.81
1,80.49,8,70694,5,1,90.67
8,88.92,1,100177,2,5,69.36
9,93.25,2,106842,2,2,82.74
1,85.39,4,134142,4,10,73.18
5,99.79,3,59021,3,4,95.93
9,84.38,3,132368,2,6,70.74
6,83.36,1,104695,1,1,85.08
6,89.38,3,76382,3,6,91.66
2,94.25,8,147704,3,5,89.2
8,96.83,0,155755,5,9,80.42
9,89.01,3,164748,2,5,88.8
8,99.42,3,106837,3,6,89.75
4,92.44,2,55120,1,9,61.46
8,85.97,3,137459,4,8,93.68
8,88.07,7,55638,3,7,67.07
4,99.83,1,102538,3,10,84.88
10,80.22,10,160653,5,2,84.1
2,92.68,0,107907,1,10,72.65
8,96.68,1,193935,4,4,81.68
1,96.15,8,174272,1,2,68.17
6,99.13,8,79128,5,3,79.01
3,91.69,6,173166,4,3,79.22
8,81.75,6,112195,4,1,92.62
8,95.61,7,110624,2,1,80.04
3,88.45,9,179717,1,8,75.95
1,84.36,8,62046,1,2,97.69
7,94.91,8,174921,5,9,66.6
1,84.38,7,132587,4,2,73.84
3,91.98,2,199340,4,1,75.62
8,89.48,4,63478,3,6,97.96
2,85.95,1,110069,2,2,99.91
8,94.32,2,149426,5,3,87.66
10,97.93,10,86670,4,5,71.59
1,85.02,3,86785,5,8,82.49
2,98.76,7,88356,1,7,74.84
8,82.27,1,119525,3,4,72.53
10,97.79,10,60491,4,3,99.06
3,95.46,8,98943,4,3,94.85
7,86.32,6,138207,5,5,77.26
9,99.64,0,96301,4,5,91.55
6,93.04,0,197490,3,6,66.18
6,90.84,9,74909,5,7,75.5
4,84.03,3,50318,5,10,95.96
6,85.6,10,68164,2,3,72.64
6,94.17,7,170491,3,3,96.14
4,88.91,5,109069,1,9,98.98
7,98.66,3,126966,4,3,67.5
8,81.84,4,164232,4,2,87.25
1,96.17,9,100201,2,9,89.97
5,80.29,8,90179,3,3,76.31
7,81.94,7,89590,1,5,63.06
7,87.95,9,178732,2,10,98.53
5,94.15,8,115656,5,7,60.08
3,82.02,10,59360,2,9,96.42
10,87.61,7,50617,2,7,82.34
9,90.92,8,180884,5,10,61.91
2,91.74,6,130771,1,4,61.51
5,94.13,5,129254,1,6,84.04
6,87.07,0,106301,4,2,65.47
9,96.81,10,114404,2,7,69.41
3,85.2,1,67808,4,2,86.75
4,85.98,7,133725,3,8,75.46
2,89.21,10,109287,4,5,60.21
7,84.72,4,60196,3,2,92.65
7,88.98,8,120993,3,7,79.05
10,90.58,8,53343,4,10,94.23
2,95.84,8,111675,5,2,92.56
6,82.09,9,62647,4,3,77.66
7,95.49,5,71567,1,9,67.69
8,85.62,7,155641,2,1,74.02
8,94.77,4,66975,4,5,86.86
10,92.11,4,192480,2,8,63.49
4,99.98,4,138411,2,4,89.3
6,90.92,10,161568,4,10,60.01
3,98.97,2,108014,1,5,89.9
10,81.75,1,51483,5,3,76.99
9,91.29,10,159226,3,1,73.69
4,84.49,8,117405,4,10,60.87
7,95.23,1,108512,1,2,92.91
9,95.15,9,141254,5,10,71.13
4,86.9,0,149904,1,6,90.53
8,83.93,0,97431,2,2,88.54
8,95.05,6,71598,3,8,96.31
9,99.98,9,111492,5,6,90.57
8,95.33,9,163123,4,5,91.21
7,95.36,10,156586,2,5,66.98
1,89.69,6,190331,5,7,86.73
8,98.32,4,81529,3,9,82.14
1,94.88,10,174505,2,10,81.79
3,93.47,8,50866,1,1,75.81
9,87.36,7,149773,4,4,73.74
7,95.01,5,182087,2,6,66.92
4,90.09,0,147177,5,7,93.68
7,81.77,2,138655,4,2,98.42
5,82.03,6,186935,5,10,60.88
8,81.07,4,198235,3,8,67.82
3,94.52,3,150144,1,9,98.64
5,95.44,10,160891,5,6,78.07
4,93.67,7,143642,3,3,72.25
1,93.67,6,129753,5,4,80.75
4,84.86,8,142999,4,8,62.25
9,97.14,0,150955,5,6,99.8
3,81.75,10,122362,2,6,79.15
4,92.69,0,95541,5,8,60.52
9,95.21,8,150932,5,9,64.79
7,92.46,7,141891,2,8,84.41
9,85.54,5,138306,2,6,83.25
2,89.37,9,183415,3,7,76.75
1,85.11,4,181322,2,3,82.1
10,96.58,6,97706,2,5,70.64
9,89.87,9,80620,3,10,84.45
6,83.53,2,111608,2,10,76.37
4,93.97,6,54750,5,3,96.49
4,99.38,8,145240,5,7,99.4
5,97.39,6,108073,1,1,87.65
10,84.19,4,138844,4,9,95.11
6,92.21,2,170301,1,1,90.84
2,93.65,7,109330,1,7,84.38
3,88.56,3,119499,4,8,83.77
2,93.55,0,77158,1,9,84.13
7,91.27,2,60816,1,2,66.74
9,84.72,7,62504,1,3,81.53
10,87.21,3,80310,3,9,61.78
6,95.53,9,155823,4,7,80.61
8,92.9,1,147663,4,4,82.92
7,88.0,3,125354,1,10,86.14
9,99.23,8,107709,5,8,87.45
8,94.17,3,127541,1,10,60.69
7,98.95,7,196723,1,6,90.72
10,99.05,8,148699,5,2,71.39
4,98.64,6,168080,5,5,71.49
4,93.56,3,190178,3,4,68.22
1,84.25,5,171230,3,1,90.92
6,89.4,6,177811,5,3,86.87
9,94.99,4,61637,1,7,94.0
4,90.6,7,158316,2,6,65.17
9,99.55,3,82972,1,2,71.4
5,92.77,2,189990,2,8,96.31
7,84.42,0,90926,2,2,60.69
2,95.93,9,133771,3,10,82.27
6,83.66,5,127423,3,6,77.75
5,96.19,10,156738,5,5,90.26
2,80.94,10,188529,5,2,92.2
3,99.55,3,73403,5,8,77.72
9,98.83,7,148391,2,6,96.45
6,92.22,9,156393,4,3,70.48
6,90.01,6,97649,5,1,90.74
10,95.57,2,184767,3,2,76.43
3,95.71,7,139692,5,7,97.47
9,84.03,1,173864,2,9,64.86
1,87.28,6,58394,1,4,82.31
4,95.74,10,194587,3,6,96.74
8,86.42,2,84608,3,9,69.39
2,90.53,2,66545,5,4,80.5
6,84.84,4,55222,5,1,82.73
3,98.15,7,61027,5,3,81.53
10,96.32,9,159098,1,7,78.66
7,88.1,9,105719,5,8,72.98
9,84.26,2,141775,5,4,63.11
1,94.12,1,145826,2,6,90.52
10,94.9,5,164706,5,8,72.99
7,83.3,6,115275,4,7,70.38
8,83.27,2,109749,4,7,99.9
5,91.42,2,79138,5,3,83.59
3,95.73,6,65896,1,10,60.6
10,83.98,0,143049,5,2,88.84
4,98.69,4,197278,5,4,69.34
5,83.16,5,97706,1,9,76.05
10,91.66,2,145186,2,10,68.8
2,94.04,10,120014,3,2,95.42
9,91.23,8,168883,5,10,87.49
9,87.54,4,184983,2,3,90.12
6,81.04,0,92837,3,8,67.3
2,95.84,3,123435,3,10,80.3
1,83.89,0,131907,5,9,73.21
7,86.78,3,126713,4,2,78.23
7,80.95,6,108177,5,1,62.61
3,82.63,8,173783,5,10,65.15
7,82.62,9,66077,3,6,81.17
8,85.4,3,164722,2,3,96.58
10,91.19,4,57056,5,7,80.88
3,90.85,3,105533,4,3,65.68
6,80.14,9,175463,4,4,87.95
1,80.77,6,111102,1,6,81.11
5,84.65,6,66680,1,6,93.79
7,97.68,8,79056,2,2,88.92
6,84.28,7,141949,5,7,96.61
10,96.38,0,90917,1,1,62.81
10,94.55,10,103280,3,3,91.32
8,95.37,4,193467,4,3,67.93
4,81.1,1,199494,5,7,85.68
6,86.59,2,167786,3,7,66.66
3,90.84,4,189212,3,7,95.55
2,95.2,5,166749,5,6,72.41
2,86.05,2,69921,5,10,72.98
1,81.21,7,129495,2,2,99.92
7,83.73,9,105342,3,7,84.52
8,87.52,3,66806,1,9,73.25
1,90.42,6,78821,1,5,64.35
1,95.22,5,136055,2,9,69.6
8,90.13,2,195712,5,9,77.78
9,97.58,10,165977,5,9,85.1
9,95.73,6,91849,1,9,96.76
8,91.01,1,59978,3,1,89.07
8,93.71,7,111448,2,3,66.5
4,85.35,9,146092,2,7,88.75
6,88.83,4,155061,1,1,72.94
1,92.33,1,164952,2,9,90.49
7,88.13,2,191218,4,1,94.09
4,90.48,6,81707,2,7,73.82
6,83.33,9,141599,2,5,80.8
3,93.01,6,120224,1,3,73.77
1,81.79,10,63032,2,2,63.88
3,88.73,4,189203,4,1,62.31
10,94.36,4,63632,4,7,70.2
8,93.34,3,151479,4,4,88.0
10,84.39,5,68641,5,6,79.92
6,91.01,0,187413,4,3,97.78
1,99.37,7,152322,1,6,63.15
2,98.93,10,133657,5,9,92.01
1,81.35,1,74276,4,1,82.7
6,99.79,4,99556,1,5,74.78
10,96.16,6,119870,1,4,92.04
9,84.32,5,94672,1,10,94.55
3,82.82,1,62800,1,9,62.15
8,92.95,6,111152,3,4,75.31
5,86.36,1,110271,1,10,63.82
5,89.1,5,150802,2,4,69.03
1,92.15,0,61467,4,10,67.21
8,96.05,4,99084,4,10,71.94
6,80.57,2,198628,2,5,98.71
4,80.4,5,70349,4,4,83.46
6,84.66,2,183465,2,1,76.69
6,85.29,3,133332,1,6,72.28
5,91.96,5,119502,4,6,94.36
6,83.74,4,166682,4,8,81.33
1,98.3,1,129789,3,8,69.2
1,83.61,8,147180,4,6,61.19
6,89.95,7,151855,5,5,97.5
5,84.49,6,168551,1,5,60.15
2,85.14,4,164388,1,1,87.44
5,85.35,4,74352,1,9,65.75
8,99.43,9,190482,1,7,65.22
3,96.43,7,72890,5,10,68.88
5,90.12,3,69303,3,1,73.39
9,82.14,9,172109,4,2,65.26
3,81.36,9,156494,1,8,60.64
5,80.52,9,83487,3,10,64.52
7,81.25,6,171397,2,3,89.19
7,83.58,1,78219,1,8,74.13
6,93.28,4,54769,4,4,64.26
1,97.54,10,154000,4,5,89.03
4,87.68,0,85267,2,4,87.21
7,92.42,9,172158,2,10,78.58
9,83.85,2,114131,2,7,78.06
1,89.67,9,131232,4,2,81.75
6,81.38,7,122201,1,8,85.8
8,95.33,9,68449,1,2,77.93
9,88.07,9,72400,2,10,96.31
8,80.81,4,81029,2,8,72.0
1,93.44,3,97103,1,5,97.61
1,94.78,3,95148,1,6,66.11
8,88.53,3,164483,4,3,84.77
8,94.69,1,138120,1,10,62.96
4,89.35,7,129148,4,10,83.73
1,94.71,3,84811,5,5,90.99
5,95.6,0,199140,2,6,72.94
10,90.23,5,186015,4,1,81.24
5,99.23,9,159184,5,4,99.39
2,91.87,8,92591,2,9,73.23
10,95.9,0,119769,5,10,89.99
10,96.68,8,72215,4,8,94.11
5,97.4,7,173199,4,3,95.49
5,82.24,6,73517,3,2,89.2
9,87.04,4,117304,1,5,96.86
4,95.79,6,51744,2,5,81.58
10,89.69,2,95264,4,7,85.78
7,95.97,1,193252,2,10,73.05
9,95.46,6,156136,4,9,92.46
2,92.39,8,98290,2,8,72.69
5,81.9,2,161372,2,8,95.33
3,96.61,3,129977,1,6,96.0
10,94.8,3,193512,5,4,95.96
1,99.44,8,100069,1,1,97.85
4,94.72,9,171237,2,1,99.21
4,93.14,6,56121,1,7,79.04
7,85.54,3,115915,2,2,85.17
3,81.32,8,142762,5,7,88.25
6,91.12,4,148556,2,2,76.94
4,90.84,5,154694,3,5,62.93
6,88.56,9,62505,3,6,83.35
6,83.98,2,168420,4,3,91.01
4,94.47,1,63628,2,3,94.99
2,82.39,0,81579,5,7,60.94
10,81.92,9,163684,4,6,76.82
10,85.49,3,160301,2,7,66.0
3,98.01,7,68099,5,2,63.23
4,80.78,9,143690,5,2,71.18
10,83.29,0,190565,2,6,84.95
7,97.08,3,108830,3,9,71.82
7,91.38,1,113707,2,2,81.74
2,98.13,4,91402,4,5,77.34
1,91.88,10,100826,4,9,69.37
5,87.0,1,168635,4,6,83.88
1,99.46,10,70117,3,6,61.92
10,83.17,0,164485,3,8,78.61
4,80.86,7,174278,3,6,87.18
4,94.55,1,154093,5,3,80.19
8,81.94,3,157566,2,3,63.98
9,88.19,5,142478,2,8,93.82
10,98.69,2,113781,3,10,74.1
9,82.37,7,161564,4,3,84.5
3,85.95,5,120818,4,5,66.0
1,96.9,10,57186,1,9,83.79
9,90.81,2,181788,3,7,73.64
10,80.02,9,108196,5,4,82.19
8,98.27,4,126422,5,2,64.9
10,92.7,5,178350,3,5,79.21
2,90.12,6,58393,4,6,67.27
8,83.54,2,61709,3,10,74.94
5,87.01,6,186932,3,7,92.21
3,81.11,8,175465,3,6,76.79
2,94.85,2,85450,2,7,72.29
5,86.74,10,65709,1,8,95.42
4,97.68,7,150197,1,2,93.18
5,86.94,10,104344,5,3,75.2
9,95.79,2,195558,4,1,90.52
1,93.85,6,144257,1,7,70.57
9,84.0,9,118662,2,10,81.68
3,91.12,2,158471,5,2,69.53
7,81.51,2,199424,5,4,83.22
1,94.23,8,137119,2,10,96.62
1,89.84,4,165569,3,6,78.03
6,93.71,10,180777,4,10,71.55
1,92.29,4,65827,3,3,69.98
1,98.92,1,140968,4,10,86.57
3,84.6,6,193930,1,1,83.01
8,99.0,5,89587,3,9,95.76
3,97.24,1,166317,5,2,88.24
6,97.78,7,144887,1,10,70.4
3,92.01,7,83875,3,4,91.81
6,92.87,5,172075,3,3,90.21
8,96.87,2,160391,2,6,94.27
5,92.1,2,84242,3,9,99.45
3,83.13,5,95995,1,7,82.28
1,91.56,7,184102,5,10,66.54
9,87.53,1,135824,3,8,79.26
9,91.48,0,131698,2,1,93.14
8,90.63,7,83171,3,2,72.72
2,93.29,2,122274,5,7,90.1
2,97.24,1,72083,5,8,91.76
8,88.18,1,156780,1,6,99.22
6,92.24,3,125906,1,9,73.39
8,83.4,2,73299,1,8,73.25
3,93.42,6,154277,1,10,92.85
7,96.54,8,164992,2,6,61.95
4,96.81,7,72713,5,6,90.69
5,80.49,7,59359,4,7,63.05
6,99.5,4,118150,4,6,67.29
9,95.52,6,162073,1,2,60.61
2,82.55,10,74099,4,6,63.99
2,89.02,8,50429,5,8,94.18
6,87.31,2,123413,1,3,64.48
10,86.46,6,57089,1,8,79.05
6,81.98,9,81847,4,6,94.27
3,91.37,0,72557,2,4,65.27
9,91.64,7,160948,3,6,61.12
1,89.76,3,122418,1,2,81.57
3,89.41,9,79168,2,5,99.81
1,80.8,1,121573,3,3,97.26
8,89.48,0,198587,4,1,60.86
3,85.72,3,88443,1,2,86.23
10,82.75,6,144359,2,3,88.71
10,85.33,10,118363,2,7,61.94
5,84.7,3,69652,4,5,68.95
9,85.84,9,99458,5,7,65.04
8,91.66,1,170416,1,7,68.78
3,83.36,8,105911,1,1,84.1
2,96.98,4,92085,4,1,96.21
4,85.15,9,166522,2,3,83.66
8,80.98,1,135708,1,10,68.65
3,89.21,2,163082,4,9,89.92
6,85.46,7,52371,3,5,94.81
1,91.61,8,99230,3,5,72.06
5,85.23,0,66080,3,7,94.41
10,86.23,3,163769,3,7,81.92
3,98.37,0,171489,4,6,95.53
5,91.45,1,104795,4,7,76.68
2,87.15,7,144624,3,4,85.66
2,88.66,3,175371,2,3,70.83
10,92.35,1,63052,4,3,95.79
8,81.28,2,73428,2,5,81.5
7,92.34,0,146453,4,9,87.03
7,84.6,9,124536,1,6,79.67
1,86.57,5,161342,1,8,81.34
6,81.89,4,118226,1,2,72.16
3,94.85,3,153376,2,3,71.46
1,91.4,2,171805,1,8,85.82
7,80.51,0,130961,2,8,75.15
8,96.99,1,157995,3,9,68.21
10,92.57,6,86671,2,5,84.54
9,95.93,5,146542,3,9,88.39
2,82.82,0,149128,4,6,69.48
10,94.75,8,70207,5,8,95.66
9,90.17,8,85538,5,6,74.28
1,96.4,1,71238,1,6,86.13
7,90.03,2,156038,1,10,99.74
8,97.73,3,183905,3,4,70.17
2,87.21,10,79424,2,6,68.01
9,93.31,3,126912,5,3,98.33
9,99.27,10,90018,5,2,68.11
5,91.97,7,175119,1,1,64.01
6,89.08,2,194512,5,5,73.14
9,89.12,4,159097,5,10,69.41
5,98.98,8,172724,2,6,84.04
8,88.9,10,63507,1,1,70.53
1,88.82,0,106223,3,10,80.6
9,89.7,0,53147,4,3,91.88
7,94.29,4,134776,1,10,85.13
6,88.24,7,144531,2,8,81.02
9,89.26,6,135492,2,4,92.99
6,84.63,4,80075,5,6,80.59
4,95.08,5,149269,1,4,90.58
9,97.46,10,163719,5,3,64.17
10,93.3,2,111296,4,8,69.47
8,95.49,7,185960,5,5,88.36
5,84.15,6,186126,2,6,68.72
5,94.7,2,153953,5,2,97.97
2,92.78,9,112396,3,5,69.38
1,84.85,0,189232,1,10,66.23
6,94.1,9,60517,3,9,76.57
8,91.87,1,138061,1,7,84.16
1,96.45,6,139639,1,2,99.28
6,84.32,9,54212,1,7,76.85
5,84.27,6,145791,1,3,84.57
4,88.06,8,198262,1,2,85.98
3,88.68,7,66103,3,9,75.61
1,95.1,2,139251,1,10,74.98
8,85.68,0,88825,3,9,63.49
10,95.44,7,109233,4,4,63.22
9,85.3,0,164781,5,8,84.93
6,98.2,9,192495,3,9,99.72
3,90.25,2,164784,1,8,82.17
4,81.22,2,137788,5,1,85.31
2,85.78,1,82690,4,3,92.23
6,94.32,9,198940,5,8,61.21
6,93.88,7,184098,4,4,69.02
2,97.81,8,183372,3,2,66.24
2,85.08,0,85663,1,2,78.26
2,95.39,3,73249,1,4,93.05
9,88.18,5,50512,4,2,99.16
8,80.85,2,148045,5,2,92.41
5,89.3,9,95370,5,6,94.46
1,95.73,10,164406,1,2,75.19
10,93.64,5,77663,3,2,78.41
4,83.38,10,168651,1,10,87.37
3,95.11,1,102892,2,9,88.26
2,85.51,10,167023,5,5,80.27
1,82.1,7,182389,4,5,68.15
8,99.56,3,116098,4,1,66.61
7,89.7,9,151036,4,6,98.98
3,86.43,4,138411,4,2,85.89
10,98.92,5,70874,4,8,98.45
6,92.07,6,148034,1,7,94.95
1,98.34,3,115125,2,10,69.0
9,83.39,7,158067,5,2,95.97
7,92.1,6,61958,3,6,62.67
3,87.53,0,123907,5,4,84.9
8,86.66,3,115769,4,4,77.8
10,87.99,7,194854,2,10,85.72
3,95.01,3,151428,1,1,72.64
7,95.7,6,108774,4,9,73.62
9,98.16,9,95487,1,2,61.39
7,81.52,4,146669,2,6,81.0
7,80.96,5,155089,2,10,92.83
10,91.73,10,165566,5,1,66.39
5,97.91,1,121723,2,7,66.39
6,96.79,1,83978,4,8,84.97
1,97.14,1,160281,3,7,63.86
3,86.04,8,52157,1,1,73.86
10,87.41,2,162927,4,9,84.15
5,96.48,4,151207,2,10,80.03
1,84.63,7,104832,1,5,98.63
6,93.46,7,186922,1,3,94.96
7,84.39,2,185842,2,4,98.1
6,94.73,8,73378,2,3,93.97
10,82.16,4,109480,4,9,67.5
10,98.13,10,198051,3,7,84.84
5,89.47,2,138184,3,3,60.44
9,83.93,10,198486,3,7,86.76
3,81.66,3,104828,4,3,60.27
7,96.53,3,141523,2,6,91.97
8,84.71,8,197251,1,7,92.01
10,88.59,1,193214,3,10,67.65
10,94.41,9,131717,2,9,91.08
3,87.86,4,138446,3,6,64.93
6,97.48,9,146426,2,6,65.54
7,92.62,2,113384,5,3,97.56
7,92.69,4,194231,1,1,91.4
9,98.37,7,144601,2,1,70.08
9,81.52,7,145335,5,10,86.62
4,98.03,10,54173,5,7,74.02
2,89.01,1,112234,5,5,87.06
10,98.55,0,126189,2,2,99.28
10,86.15,9,192642,2,1,71.3
9,84.33,0,199319,1,1,76.73
5,98.48,4,147156,1,7,93.61
8,81.36,4,81028,5,1,88.03
1,96.25,3,100643,5,8,87.96
3,90.78,3,53857,3,7,87.09
4,85.93,9,103947,1,7,66.16
3,89.08,0,53105,5,9,77.79
7,87.72,4,118530,1,7,70.33
5,89.22,10,149086,2,6,87.15
10,90.01,0,51469,5,2,65.25
4,80.07,5,78828,1,10,61.83
3,85.14,3,58052,4,1,96.13
5,95.8,7,110636,5,7,84.99
2,90.42,5,65940,2,7,63.71
8,90.98,0,120185,5,9,71.39
9,89.73,9,122655,4,6,90.93
5,96.64,9,189107,1,9,69.72
3,81.6,6,92397,1,9,72.08
5,95.78,3,101395,3,8,87.03
7,86.72,10,141511,3,6,64.9
10,91.03,6,194211,2,7,79.1
6,80.81,8,146984,4,6,95.14
9,87.33,3,93714,2,10,74.75
2,81.89,8,79330,2,9,96.47
8,97.96,7,193407,5,1,70.55
10,90.39,5,125375,4,6,87.31
6,89.99,4,53389,1,10,95.51
1,81.71,5,172292,2,9,87.47
1,99.92,6,130411,5,1,71.42
10,83.06,0,105207,1,5,76.23
5,82.01,8,50536,4,8,67.34
4,98.57,2,179325,3,8,61.5
1,81.8,6,104696,1,1,99.21
3,92.4,3,114001,3,8,99.31
2,88.02,8,101477,5,8,60.16
4,82.63,10,75370,2,10,81.61
9,90.12,8,120463,4,1,90.12
8,97.19,5,54687,1,9,81.45
7,90.41,8,134620,5,1,94.31
7,81.64,5,107351,1,5,68.3
8,93.09,5,52075,3,9,92.76
6,86.22,10,105025,1,7,61.54
4,84.26,3,195333,2,1,75.78
1,83.72,1,186566,1,9,60.86
10,84.83,10,198349,3,2,79.5
5,98.51,6,165864,5,3,90.27
7,82.73,10,104175,1,9,76.14
1,99.75,4,75791,5,7,75.36
3,82.66,0,69365,5,8,79.25
2,87.17,4,167974,4,4,90.19
9,97.34,1,141979,2,3,76.31
4,82.69,3,64595,3,7,69.86
5,92.6,10,149105,2,7,99.42
2,80.04,3,159665,5,9,73.35
5,87.01,8,51727,1,9,88.25
10,92.39,8,68308,3,3,99.48
9,85.06,0,136171,4,6,78.15
3,84.81,7,190686,1,8,68.19
4,83.89,8,155063,3,6,71.46
3,85.35,10,169068,3,7,63.73
9,98.0,0,163519,5,4,70.13
10,89.52,7,161245,3,1,60.1
10,80.12,1,52855,2,7,76.75
5,97.34,6,58855,3,9,89.02
7,94.34,3,187128,1,8,69.76
2,92.97,7,99131,5,2,91.05
4,98.11,9,186549,2,8,99.6
8,93.68,6,55177,4,1,80.51
5,96.83,1,139038,1,8,61.91
9,86.94,9,52870,3,5,75.5
7,86.91,3,118650,5,9,77.67
10,99.17,10,171670,2,3,98.37
8,90.99,8,179044,3,4,68.68
5,84.97,8,93349,3,4,99.07
9,94.29,7,82167,1,5,90.85
10,95.88,5,122401,4,10,73.89
6,85.85,8,155571,3,3,76.33
2,92.93,0,114572,1,4,70.23
2,83.49,4,109711,5,7,66.36
3,81.0,1,166463,4,1,65.3
9,98.17,1,126756,4,5,65.08
1,85.22,0,75784,4,5,82.17
7,82.08,3,52318,1,8,91.7
3,87.03,3,134335,3,1,95.56
10,86.89,1,105265,4,1,63.76
1,86.41,8,141686,1,10,94.01
10,90.59,6,172882,1,7,62.6
6,97.04,0,149172,5,4,77.22
1,85.31,6,150999,4,2,85.33
1,88.9,6,140373,4,10,77.88
3,89.16,10,136032,3,3,63.89
10,82.35,5,189857,1,6,77.21
6,82.19,8,73519,5,1,60.56
5,94.06,2,179334,4,8,70.33
7,89.17,1,115440,3,6,75.34
7,94.85,5,81982,5,8,77.88
1,80.77,6,120142,2,9,86.28
10,93.79,5,176129,5,4,82.98
6,98.8,4,60398,3,1,82.08
5,94.06,3,147106,4,4,93.21
3,93.08,1,110164,2,8,94.86
5,91.48,9,121830,2,5,91.12
10,99.5,3,77193,5,3,85.06
2,85.37,10,122148,3,9,89.58
9,85.21,4,132825,4,1,68.06
3,83.92,9,50694,1,10,68.81
6,97.24,5,85948,4,6,73.1
8,91.88,10,144825,1,10,88.27
1,88.05,6,128191,1,1,67.27
7,99.79,7,127473,1,10,94.03
2,93.36,10,87019,4,3,80.22
6,96.21,7,146404,5,10,98.36
7,88.57,5,123697,4,10,75.85
8,86.05,8,196491,2,3,95.72
4,84.85,10,185179,1,6,70.73
4,98.67,1,192426,5,10,67.53
1,86.98,9,111650,4,8,62.48
7,85.22,6,67151,1,7,87.07
1,88.41,7,131608,2,3,70.73
2,99.07,9,87263,4,5,62.85
1,92.27,3,150876,1,3,98.52
5,87.55,4,132846,5,7,72.48
6,82.73,8,67255,4,6,75.97
5,93.5,1,95796,1,4,84.76
5,95.62,2,117048,5,1,69.03
5,87.4,5,75789,3,10,70.56
1,86.82,9,190564,1,8,74.19
10,98.5,2,60576,3,6,85.6
6,88.0,3,89961,5,6,64.17
1,87.47,3,124372,5,7,80.45
3,87.51,8,126013,2,1,94.84
2,99.57,4,56503,4,2,60.29
9,95.89,4,92968,5,5,86.65
7,85.77,2,145190,2,5,93.29
9,91.04,9,138598,3,4,96.12
2,91.47,7,106068,2,10,97.85
4,99.68,0,191276,5,1,94.56
7,91.49,7,68818,4,6,60.67
7,93.21,6,60331,1,4,85.0
5,87.5,4,71575,3,4,81.85
8,95.2,9,62990,3,5,93.32
6,99.76,0,59683,4,9,94.79
1,81.67,2,95763,1,3,76.62
1,81.08,3,106054,5,6,88.87
3,86.72,1,154396,2,9,85.84
6,84.8,3,148853,1,2,61.63
10,89.14,6,125184,4,7,88.25
3,93.64,3,123715,2,9,71.51
9,86.14,1,177675,2,5,74.36
5,90.07,8,124978,5,3,71.84
4,91.2,0,64074,5,3,80.43
2,92.55,0,81149,3,3,74.81
3,91.97,3,89706,1,4,80.19
8,84.22,1,65811,3,2,73.35
8,89.74,5,183488,5,4,70.16
7,92.72,0,169881,2,5,98.42
5,86.56,10,93223,5,2,69.06
8,84.37,1,140971,2,1,81.62
5,86.23,6,148207,4,5,95.73
10,91.21,4,104662,1,2,90.37
4,89.35,4,61437,4,8,72.98
5,98.7,0,87348,3,7,76.65
3,99.43,7,103864,3,6,60.14
9,99.55,1,62325,1,4,96.13
1,90.22,8,172449,2,6,79.3
7,92.33,9,192495,4,7,89.42
7,94.61,5,68158,5,9,62.67
7,83.52,4,73497,1,9,98.94
7,90.36,4,142529,3,9,78.58
1,81.25,8,175617,3,9,85.72
2,85.19,8,68484,1,6,84.02
5,87.75,7,52667,5,5,64.59
8,97.92,8,60280,5,9,92.64
4,89.09,10,141724,4,4,98.94
3,96.62,4,79001,3,1,72.11
10,84.23,9,140885,2,3,96.12
3,88.6,6,74458,1,9,87.8
4,88.25,0,181810,3,10,84.92
7,90.91,5,103596,1,4,97.18
5,98.14,2,86992,4,8,60.29
7,94.18,4,148515,5,7,71.46
10,92.3,6,169405,3,10,81.9
7,82.2,0,108867,4,6,97.38
7,85.4,4,67676,4,2,87.38
9,82.38,2,110220,5,3,64.25
7,82.84,1,174520,3,5,69.1
5,87.41,6,145337,2,4,66.99
4,94.11,7,113694,4,2,83.44
5,83.56,0,53543,2,1,82.78
2,92.15,5,162235,3,10,65.07
6,81.26,1,138091,1,8,98.71
6,90.37,7,66449,1,5,80.23
5,96.6,5,117605,1,3,76.87
4,94.19,5,117678,1,10,97.44
2,89.03,9,126481,4,9,83.58
5,84.48,5,126906,1,9,91.49
3,80.09,1,107616,3,6,88.72
9,90.53,10,156452,3,5,73.02
5,98.88,5,79916,3,4,82.84
1,93.63,9,77362,3,5,82.49
8,98.61,10,88916,4,8,92.86
2,91.85,10,119109,3,9,81.43
5,80.46,3,150501,4,1,72.26
7,86.88,8,93728,2,8,72.74
9,89.68,0,177642,3,9,62.02
10,91.35,7,188025,5,8,64.54
5,94.66,8,154536,5,10,68.2
10,99.33,5,77411,5,3,81.08
5,97.22,0,140514,5,10,96.65
10,95.52,1,137032,2,6,92.15
10,98.71,7,118074,5,8,89.76
9,95.83,0,128618,4,4,85.81
8,88.97,6,86306,4,9,71.77
1,83.93,9,65346,3,4,76.1
6,84.69,0,155961,5,3,70.39
6,84.48,6,122875,1,9,63.53
5,97.93,6,50956,3,4,81.58
6,93.8,3,139900,5,3,75.62
3,80.59,9,99544,1,4,90.97
9,83.32,8,84243,3,7,81.29
1,93.83,4,144835,5,4,96.69
7,91.72,10,163081,4,1,94.16
8,90.65,0,157358,2,5,90.61
5,82.94,1,140049,4,5,92.79
8,97.54,9,57435,4,3,71.21
3,83.97,5,196305,2,2,98.55
8,87.52,1,116567,5,5,64.65
2,84.94,1,90358,4,8,79.71
7,99.76,8,147411,2,4,86.98
1,89.25,0,191573,1,3,66.06
9,91.02,0,66534,3,2,88.47
1,91.48,4,113518,2,8,85.21
1,93.22,6,73564,1,2,87.64
2,80.42,9,175486,2,9,90.03
3,85.92,9,164214,2,8,67.0
8,86.15,3,138603,3,7,85.06
1,94.85,9,110568,2,6,71.28
7,97.9,10,190957,5,5,79.79
4,83.38,3,191222,2,4,63.0
10,85.05,8,170878,4,9,63.49
6,97.11,2,157833,2,10,90.97
5,99.58,6,119560,2,10,82.74
3,90.2,6,129313,1,4,72.68
6,81.53,8,139088,2,1,63.62
2,90.09,2,75429,4,5,77.51
2,84.92,3,133050,1,6,80.81
2,88.64,1,179366,1,1,91.94
4,94.61,7,52204,1,5,61.0
3,87.65,3,143537,3,10,96.16
5,97.61,8,157734,1,2,60.04
4,86.37,6,175744,4,2,76.29
7,90.52,4,180205,4,2,74.69
4,90.86,0,167374,3,5,66.49
6,96.62,4,110930,5,2,86.89
8,86.31,10,102555,1,9,97.47
5,85.68,3,135695,2,3,60.49
2,97.31,5,170438,1,2,81.63
5,94.05,5,176739,5,2,86.9
4,87.86,4,148677,5,7,85.18
8,88.02,7,124992,1,1,62.44
1,87.53,6,129944,5,10,97.28
8,99.47,3,118373,5,8,74.27
9,87.76,9,186182,5,10,68.97
4,86.62,1,94076,1,2,80.76
6,81.72,8,140055,2,4,81.58
9,96.68,0,55966,3,10,71.34
1,86.93,0,151173,4,2,85.75
3,99.75,7,85393,1,8,88.09
10,92.95,2,95552,5,8,90.49
5,90.21,6,75946,4,3,72.5
9,93.96,0,83816,5,5,80.76
6,96.81,3,71258,5,2,90.23
4,80.09,9,99980,1,5,97.93
1,87.86,9,78854,5,8,99.68
10,85.94,7,61834,3,2,86.85
8,84.75,2,63524,1,7,80.03
7,89.74,2,116421,2,10,96.52
4,91.58,8,83476,2,2,99.15
4,89.64,7,108727,4,8,90.04
2,85.23,2,158857,2,8,94.75
5,89.38,6,110461,2,3,71.14
3,91.05,7,118302,1,2,64.81
1,80.89,7,144553,2,7,61.35
2,87.28,0,66584,5,7,89.48
5,85.2,10,152981,4,8,94.3
4,94.38,0,168582,5,6,80.91
9,90.93,4,137776,3,5,81.36
10,97.67,4,116786,1,1,98.28
10,87.0,9,139149,1,10,82.19
5,90.47,9,116759,1,10,99.87
10,87.85,10,185830,5,8,68.06
4,84.95,4,128633,5,9,65.09
2,97.58,4,119233,5,6,73.75
4,90.87,6,115148,3,9,95.96
1,99.73,5,84115,4,9,60.36
7,87.94,4,105603,2,4,81.73
5,91.28,5,155128,3,1,67.11
6,92.71,1,176413,2,4,77.52
1,80.69,1,142328,1,9,98.75
6,85.73,3,155790,3,8,64.53
6,96.75,7,168413,3,3,91.36
9,83.28,5,138895,4,8,75.66
5,94.2,6,170607,4,7,69.41
2,89.01,0,193241,4,1,92.89
7,94.19,6,78326,4,9,84.26
10,80.23,7,96731,2,9,99.81
10,88.48,3,93428,4,9,73.77
1,92.72,8,97902,3,2,94.9
10,97.46,1,92323,3,5,87.94
1,95.34,10,54592,5,6,82.6
2,88.8,9,119228,5,10,76.07
7,94.5,5,110126,3,7,74.24
5,95.25,5,89316,2,10,91.78
3,88.15,8,185750,5,6,76.02
1,87.02,8,195003,2,8,81.06
1,88.9,0,180126,4,4,92.16
3,87.16,3,92908,2,6,95.35
8,81.38,7,62155,3,5,87.87
7,97.82,3,102737,5,7,67.57
3,82.39,8,191235,2,7,93.65
4,96.42,3,171503,4,10,95.4
1,93.58,8,70668,3,7,85.62
3,84.9,10,51034,5,3,91.49
4,99.02,8,139897,5,10,91.01
2,87.37,0,112481,2,7,72.23
7,91.15,6,61151,3,9,67.34
10,93.72,9,53953,2,7,78.29
3,83.34,3,62838,2,8,62.56
6,88.53,8,129361,2,2,94.61
10,92.21,3,119448,1,1,67.87
10,80.99,5,95724,5,2,83.67
4,81.0,1,114213,2,9,87.34
4,83.49,1,100562,1,3,78.48
4,99.05,8,145544,3,10,76.97
6,85.78,6,110653,2,5,66.22
1,89.7,8,123941,3,10,69.38
10,92.9,7,124465,2,2,88.74
9,90.48,8,162385,5,6,88.52
8,94.47,9,135566,3,5,86.25
1,87.08,0,50320,4,3,60.37
9,94.79,1,71190,2,9,89.85
3,94.57,9,51148,5,8,86.71
10,83.48,4,183518,3,9,94.57
5,92.98,7,156850,5,4,71.85
6,87.89,5,139276,3,9,64.19
10,83.16,1,177361,5,4,97.27
6,82.43,9,143974,2,8,83.18
4,94.94,1,53672,5,6,67.0
3,94.05,4,69456,4,9,76.78
4,92.53,10,109174,3,8,78.38
8,89.22,7,93126,3,10,96.26
3,80.81,3,83473,1,3,64.2
3,93.65,4,192065,5,5,97.6
3,98.58,5,51828,2,5,69.31
6,98.76,7,181418,1,9,82.22
2,99.62,5,155846,3,10,93.63
3,99.58,6,167628,5,6,61.3
1,94.55,6,160414,5,1,71.95
4,80.64,7,188139,5,9,61.47
6,83.7,2,104537,4,7,80.87
2,86.42,2,163336,3,4,98.36
3,90.67,9,195540,5,3,93.95
5,92.51,7,56918,3,3,90.44
5,94.3,10,56770,2,2,60.48
6,96.66,2,184445,3,9,67.89
10,80.87,10,73183,3,7,79.31
2,82.4,4,136794,4,10,83.67
3,88.42,6,162507,4,4,91.91
7,90.48,1,95938,5,2,89.59
10,85.41,2,63366,1,8,89.59
5,89.97,0,159433,3,7,65.14
3,96.83,2,71398,2,3,60.4
1,99.41,0,154029,4,4,70.32
5,96.55,8,172368,2,1,92.12
7,81.88,0,98984,5,1,94.54
4,97.66,7,84034,3,6,64.34
9,91.24,8,181817,5,1,85.15
3,82.42,7,104831,4,4,99.69
7,80.29,7,86940,2,5,93.56
4,83.05,1,55300,1,3,92.32
4,93.72,9,169748,3,8,93.48
3,85.77,8,97745,1,2,65.41
4,83.18,5,176939,1,8,67.49
1,97.74,7,189166,4,3,95.87
2,96.38,3,193084,2,2,79.75
10,89.75,5,80584,4,8,60.5
10,92.45,8,177541,2,4,98.96
4,95.16,1,166012,2,9,67.07
7,99.67,8,98459,5,9,97.48
9,94.72,9,178593,1,3,92.0
4,98.16,7,102029,5,2,90.8
8,97.17,7,144472,3,6,91.83
7,92.17,9,115362,1,4,79.56
1,95.22,3,51627,1,8,70.0
6,97.72,8,98176,2,7,77.57
8,87.06,4,138686,2,2,93.97
1,91.46,1,94515,1,5,85.71
7,97.66,9,80953,2,5,69.16
5,94.3,6,167536,4,5,83.75
1,83.38,4,164284,1,6,93.0
4,88.72,2,125184,5,9,85.09
10,99.67,7,67129,4,1,91.34
5,81.23,7,53583,2,2,72.52
9,81.95,5,55831,2,5,63.76
6,97.6,5,181667,1,9,87.09
4,94.27,10,195579,4,4,95.91
10,98.54,1,154925,4,8,92.22
8,96.91,2,51791,5,4,64.55
10,94.26,8,155572,1,1,83.34
9,81.25,1,71337,3,1,70.24
7,84.82,4,84754,5,6,97.41
7,83.97,1,87118,1,2,98.14
5,80.31,10,103759,2,3,69.49
7,99.43,8,97348,3,3,84.99
9,96.32,10,139938,2,9,67.76
6,92.63,2,93883,5,5,92.9
10,90.31,0,170878,3,6,66.18
4,88.97,8,177679,3,3,77.67
8,81.9,2,88600,1,5,88.06
10,97.9,1,109789,5,6,63.49
7,89.33,7,133023,4,10,91.43
4,92.14,1,147101,3,1,65.87
2,95.52,5,120526,2,9,69.78
10,85.94,7,160821,5,10,98.04
1,95.46,1,79883,3,2,87.35
1,91.98,5,169126,1,2,99.15
1,86.39,3,120038,3,6,88.19
10,95.1,10,119122,2,1,93.55
4,91.82,10,137354,4,8,71.85
9,98.28,7,106800,4,4,70.11
1,89.99,2,167479,3,2,91.91
4,83.41,1,147010,3,1,72.54
8,90.31,0,110094,2,1,60.88
1,80.32,7,167656,4,6,79.33
3,97.17,8,129911,1,7,64.12
5,80.92,4,156489,2,8,86.32
7,90.59,4,169041,5,7,64.34
3,93.35,9,177511,4,5,61.95
9,92.98,4,60912,1,1,67.09
1,89.43,4,127149,5,6,97.51
1,92.04,1,91042,5,9,61.09
8,99.06,2,179813,1,10,93.07
5,92.36,10,146314,5,3,66.91
3,87.84,10,167461,1,4,86.56
4,84.91,2,109899,3,5,82.79
4,88.67,2,137692,5,8,66.4
1,85.51,3,181556,5,3,61.1
3,94.25,1,63529,4,1,72.32
5,87.0,9,73044,5,8,87.19
1,84.65,3,94033,5,10,85.22
1,90.97,7,80940,1,3,91.88
4,99.43,7,112365,4,9,93.63
10,91.48,4,65347,3,3,76.48
4,81.01,2,74936,4,8,65.5
8,87.9,4,57296,1,6,65.89
9,92.16,5,83224,4,8,83.5
4,93.45,6,114423,1,9,69.08
7,94.28,1,145266,4,1,99.8
1,91.19,3,157934,4,3,77.22
7,83.01,9,87897,1,1,95.83
7,83.52,0,86126,4,5,85.15
3,99.14,0,177711,3,8,63.35
6,82.94,1,106622,5,9,80.69
6,91.82,7,152430,4,8,99.9
1,90.45,8,184683,3,9,78.37
8,86.95,5,78535,4,2,88.23
2,82.09,2,55986,1,6,85.76
10,86.03,9,61639,4,6,97.39
1,87.7,8,69787,1,1,68.14
9,89.52,0,109074,5,4,95.47
10,87.14,5,171520,3,4,65.92
10,91.01,9,127176,3,4,69.26
8,98.94,8,184390,3,9,70.08
2,97.83,8,170123,4,6,63.21
2,97.78,9,137521,1,1,65.53
2,94.56,7,79579,4,8,90.04
6,91.43,2,169388,5,6,67.4
8,88.41,4,174021,1,6,65.91
8,98.09,10,137248,2,2,75.33
3,96.24,9,128387,5,6,74.77
3,96.15,10,144194,4,4,91.16
1,85.72,7,194261,4,7,88.59
9,98.76,4,78658,4,10,74.56
2,98.18,8,116192,2,3,93.52
3,95.78,5,147349,1,7,65.53
7,81.98,1,88270,1,2,80.25
4,85.07,7,140628,1,8,68.56
6,93.28,7,101134,3,7,91.96
5,81.82,0,169638,1,3,69.41
1,95.63,5,138152,5,9,85.35
10,82.2,1,77359,3,3,61.1
6,90.77,1,187977,3,3,68.32
7,91.07,1,57052,5,4,74.95
9,96.61,10,198080,5,6,61.25
6,95.75,0,194480,3,6,66.65
1,85.69,3,80028,4,10,96.02
9,92.74,0,94094,2,1,64.99
8,90.27,2,77974,5,5,80.47
6,83.65,3,133244,2,4,62.68
1,94.28,3,159070,2,4,60.71
4,88.25,9,76582,2,5,63.59
2,98.32,3,148828,2,10,92.91
3,94.3,2,98150,5,1,70.52
5,82.34,5,170547,2,5,71.1
3,97.73,4,161265,1,9,62.55
2,95.99,5,198219,1,1,68.95
5,86.64,3,80470,3,5,89.95
9,83.06,4,185251,5,4,82.18
10,95.78,7,159426,2,6,78.14
5,81.83,5,150244,5,1,65.89
2,83.4,9,69669,1,7,65.98
6,97.29,8,158845,4,4,87.34
6,84.07,5,120777,3,9,80.67
3,97.26,9,71671,3,6,93.55
9,82.05,8,162611,2,9,94.49
8,88.36,10,155255,5,6,90.24
3,90.86,5,157465,4,2,98.42
2,99.24,4,196551,2,5,72.15
7,94.22,7,185468,1,9,73.93
9,95.88,10,183131,4,4,75.89
8,97.31,1,153725,4,9,86.81
9,98.22,2,173691,4,9,79.78
7,83.27,0,127283,1,4,93.56
6,89.14,3,125965,4,1,94.06
9,82.36,3,183596,4,5,80.94
8,90.34,6,113451,2,3,74.39
9,89.59,0,129538,5,6,91.56
8,94.59,2,63762,3,8,63.62
2,91.89,7,180319,5,9,66.55
10,89.41,10,170919,3,8,96.97
5,80.52,6,105534,4,6,97.43
4,80.75,7,120043,3,9,76.08
7,90.02,2,177443,5,2,71.79
3,94.23,8,166672,3,10,92.83
4,92.39,5,66069,2,3,93.81
7,91.47,6,164386,4,7,83.62
9,85.63,0,162396,3,8,80.58
2,95.11,5,70771,3,3,94.8
8,95.58,10,116470,1,6,99.3
10,84.84,10,172598,2,9,64.05
1,90.69,7,73739,3,5,60.83
4,90.14,7,178592,5,7,67.91
3,89.58,10,159250,2,2,73.35
9,85.3,2,120340,2,8,85.11
4,90.53,8,81805,4,4,94.49
9,91.97,9,178622,2,8,96.48
8,94.52,7,105755,5,2,73.83
5,83.03,7,193741,2,8,82.46
5,88.04,7,149357,4,3,83.67
3,82.7,1,152146,4,9,69.41
2,82.9,9,64146,4,7,72.51
10,96.04,0,183624,2,2,66.91
8,92.27,6,199712,5,4,65.23
5,92.33,5,76878,5,6,90.06
5,83.43,8,86131,2,6,65.54
1,90.31,3,51951,3,10,93.27
2,95.89,6,155892,5,9,90.69
1,85.04,3,92572,3,9,93.68
6,86.06,7,131363,3,10,62.0
8,96.58,0,171862,3,10,92.62
1,89.69,0,180083,1,7,64.61
10,99.12,4,56193,3,6,90.93
8,81.03,10,145267,1,4,95.0
2,88.65,0,193904,4,4,61.49
6,94.75,10,131119,1,3,93.94
3,82.86,0,57354,5,1,85.16
7,96.74,8,91766,2,2,97.54
10,93.12,3,131385,5,3,97.89
9,84.72,7,56241,3,6,84.97
5,99.9,4,77020,4,5,94.12
7,83.55,10,148823,5,4,96.33
5,81.68,8,75393,3,7,88.72
1,99.15,6,190078,3,1,66.62
7,82.12,0,194735,5,1,78.8
6,97.75,6,50843,5,5,87.97
5,99.01,4,193973,5,7,69.93
2,84.23,2,84319,1,5,96.9
1,91.43,7,101220,3,5,63.22
5,99.37,4,189179,5,8,97.87
4,99.56,5,83484,5,1,61.8
8,92.05,5,169879,4,10,97.54
4,89.44,7,128303,5,2,97.5
7,92.96,3,103814,2,5,68.75
6,93.41,0,109750,5,3,77.24
2,85.86,2,97388,4,8,85.67
6,80.26,6,164404,1,9,82.73
1,84.69,10,149205,2,5,77.35
9,88.71,1,164673,3,10,69.09
5,83.32,5,60626,5,5,66.28
5,89.59,0,108110,5,10,85.91
2,94.56,1,169385,1,10,75.92
7,84.25,7,146032,1,4,92.88
8,80.15,9,62362,1,6,89.1
10,87.95,10,181646,5,8,88.65
3,99.72,3,101525,4,1,69.28
9,92.07,0,156289,2,3,74.28
8,99.68,8,50237,1,5,79.96
4,89.26,7,159301,3,2,97.38
7,91.51,3,59710,2,8,89.8
3,89.8,0,91100,3,8,84.91
3,96.17,8,68391,2,4,65.97
2,90.88,6,161493,2,1,92.6
10,98.48,1,141555,3,8,75.58
3,85.03,2,117609,3,7,78.44
1,86.3,5,113712,5,10,93.85
3,94.86,0,195993,1,6,76.99
4,87.05,2,106505,4,6,92.36
8,91.13,6,151376,5,9,69.96
1,87.9,7,125472,5,5,69.03
7,89.25,0,130226,2,10,95.41
3,94.36,0,151687,1,10,65.97
10,87.29,0,152068,2,3,80.01
8,80.2,2,96336,5,9,67.04
4,88.06,9,174789,4,7,86.54
6,80.4,8,50713,4,8,82.58
5,94.44,9,190012,4,2,94.62
9,99.07,9,158642,1,9,84.25
2,97.59,5,60311,5,6,64.85
9,92.18,5,120863,3,2,94.9
7,97.31,8,176009,2,3,92.98
8,91.15,3,159837,5,3,79.81
9,87.59,10,150450,4,10,69.11
2,99.56,5,140541,2,8,77.48
8,91.73,4,157547,5,7,61.98
2,89.65,4,81624,4,5,93.55
10,81.08,10,198892,3,3,63.64
1,94.7,0,196699,4,6,71.07
4,92.98,8,92363,3,6,93.65
10,84.08,10,105798,2,10,74.49
10,85.11,5,174475,3,10,93.84
7,93.06,6,191660,4,9,78.86
3,91.19,0,71791,1,2,66.06
10,80.3,3,70470,2,5,68.51
1,97.63,6,84090,2,7,75.67
10,93.03,5,179790,3,2,83.48
4,99.62,7,112333,2,3,97.21
6,94.64,0,158592,1,2,80.08
4,89.66,1,50819,2,5,68.74
2,84.81,2,149523,3,7,89.18
4,95.73,8,190104,3,3,95.49
3,98.49,9,169661,2,8,87.33
9,92.43,6,112123,5,10,89.87
3,84.01,6,99341,2,5,95.59
2,93.54,6,90545,3,2,77.21
7,98.65,6,193628,4,4,62.09
2,91.41,2,101032,1,8,79.16
6,87.09,3,125907,1,5,76.78
4,86.85,1,181821,3,4,86.28
6,95.48,4,101565,1,9,75.43
7,88.77,5,126611,5,4,67.93
7,96.85,5,155011,2,9,68.72
1,81.29,9,71869,1,9,88.84
3,90.29,3,86636,1,7,91.34
3,94.96,7,100509,2,7,73.59
4,81.17,7,199369,2,7,71.04
3,89.98,8,154196,2,3,73.99
7,93.47,8,88158,1,6,73.97
5,95.22,2,106664,3,9,70.0
10,94.24,9,102780,3,2,66.52
9,88.63,6,126968,4,1,92.66
8,84.75,1,110560,1,2,92.26
4,84.36,1,119691,3,10,91.62
7,86.44,2,84893,3,2,65.5
5,93.87,0,129510,1,3,73.99
6,81.91,5,153303,4,4,70.89
10,93.99,1,109129,2,7,71.77
4,85.93,9,55967,4,2,96.13
9,96.15,5,165843,4,7,73.48
5,89.22,0,199993,5,1,64.11
1,95.92,4,165805,1,3,69.14
4,92.45,3,147110,4,7,69.81
2,84.28,4,57588,1,4,85.3
1,90.42,1,193630,2,7,83.06
1,89.75,5,155289,2,1,96.59
6,84.62,7,174811,4,7,69.69
3,96.95,1,183247,1,10,80.02
5,93.66,4,169442,5,7,94.38
5,85.09,6,80262,5,2,67.76
8,88.88,0,112649,3,10,71.09
4,94.81,9,77153,2,10,66.34
6,89.62,10,172466,1,3,60.68
3,89.09,9,138521,3,5,62.73
8,85.15,2,121362,4,8,89.02
4,95.6,1,55283,3,5,67.82
7,83.52,1,150062,2,10,61.07
3,89.21,7,100866,5,9,84.94
2,94.16,7,180822,4,9,62.51
8,80.23,6,69501,4,2,68.37
3,96.73,7,109396,5,4,93.28
2,89.51,5,158698,5,5,86.74
9,92.76,3,195733,3,5,71.21
2,94.27,5,191065,4,10,88.75
2,85.01,0,167359,1,7,90.31
9,81.66,9,152046,4,6,65.08
7,85.51,9,189222,1,5,92.13
4,93.62,8,173272,2,9,98.52
7,90.71,5,133021,3,8,75.44
9,81.51,4,74182,4,2,61.45
10,84.9,2,95422,2,2,88.69
5,92.92,1,61905,4,3,91.54
10,92.54,5,107685,4,3,76.48
7,92.31,8,88378,1,4,82.22
6,90.84,0,183431,1,7,88.81
3,94.12,5,177262,2,4,67.24
6,91.36,1,179438,1,9,60.31
5,80.62,3,96129,3,6,60.81
3,85.51,10,168310,4,7,93.26
4,97.12,8,161800,5,3,83.88
1,98.42,9,192192,1,4,84.3
7,90.43,10,166130,4,2,93.81
5,87.96,5,179928,4,4,65.37
8,80.5,5,139620,1,7,64.66
7,95.83,8,98264,3,2,74.75
1,87.03,9,76607,2,4,85.8
8,94.8,1,129960,4,2,94.15
4,83.81,6,193091,1,3,64.62
10,86.89,0,76249,4,8,75.46
3,81.32,8,61621,3,6,68.92
8,97.26,9,133757,4,5,76.0
6,91.54,7,66575,3,3,71.27
8,97.56,4,78703,4,3,63.45
9,91.2,8,52715,1,1,64.55
9,86.2,0,110510,2,9,81.68
4,92.11,9,179457,5,1,88.41
9,80.45,5,174389,2,1,89.18
2,98.9,1,134214,2,5,69.25
6,94.74,2,70330,3,5,70.79
4,93.12,7,134788,4,8,95.86
7,98.22,7,99474,2,6,98.17
7,90.02,7,146769,5,8,95.62
9,95.27,3,159835,5,10,70.14
2,86.84,10,63614,4,3,97.49
6,84.43,5,64014,5,10,84.06
10,80.33,5,174645,2,3,80.3
4,86.18,8,141739,1,2,77.53
3,97.34,7,113260,3,10,66.19
7,83.26,10,180052,2,10,85.42
7,84.99,6,164784,3,3,61.8
7,97.47,0,187922,5,1,96.79
10,86.33,3,74566,1,2,98.84
6,98.54,1,82243,4,7,78.16
8,84.38,6,197158,5,5,90.84
8,91.99,0,190726,2,6,70.78
4,83.34,1,127336,5,1,73.24
2,88.69,2,57123,5,8,73.37
6,85.89,5,193461,2,9,65.87
2,84.45,0,106450,5,8,65.63
9,91.56,4,193188,5,4,74.71
7,93.06,4,187686,2,9,66.18
9,86.72,7,57313,3,2,71.89
5,96.25,7,157852,1,8,78.87
6,98.53,5,167763,5,3,89.25
4,89.97,0,116047,4,4,65.65
6,94.71,0,188209,3,6,64.17
2,95.54,0,87477,1,4,72.63
6,97.1,7,145260,5,4,75.79
5,97.91,3,112752,5,5,78.93
3,90.21,4,90495,3,3,66.59
1,87.43,1,158748,4,10,70.44
3,89.01,4,59310,3,6,96.77
5,90.34,8,186162,1,5,75.74
1,96.96,10,64423,3,9,87.23
1,94.28,7,54079,1,8,82.25
1,90.71,9,165847,1,3,71.78
10,81.84,6,193036,3,8,66.27
9,86.5,1,87487,1,4,88.96
5,84.99,1,68836,2,7,97.67
2,86.36,8,188654,5,7,97.89
1,88.42,4,121279,1,4,82.53
1,96.58,1,183251,3,8,75.69
2,94.07,10,187507,4,7,79.75
7,87.07,4,122753,4,7,63.67
6,94.93,1,153022,1,5,89.26
6,85.59,10,74557,1,10,64.68
6,94.99,9,108701,3,10,73.94
1,82.05,5,80128,5,2,77.63
3,98.64,0,162676,4,1,78.02
6,97.78,9,146263,2,9,94.54
5,86.18,0,135934,4,8,80.36
3,93.63,10,130406,5,7,89.72
5,83.64,2,172378,3,3,85.71
4,93.81,10,184491,2,2,77.13
2,97.83,9,166429,2,1,96.07
8,99.96,7,68915,3,2,61.47
5,86.91,5,72682,2,6,95.21
10,99.36,5,75432,2,4,84.8
9,88.66,4,98816,3,4,71.46
2,88.63,2,196907,4,9,97.58
5,90.19,1,143703,1,10,94.91
3,95.59,8,178159,5,1,86.8
1,88.66,7,132300,5,4,84.15
7,90.94,6,109150,1,10,79.0
7,83.37,9,126227,1,6,92.69
10,94.35,1,168568,4,6,83.6
4,89.71,3,108767,3,7,65.66
3,85.81,10,76315,5,4,84.2
10,94.26,4,178642,1,8,67.06
9,93.27,0,60400,3,4,62.47
9,98.87,1,63642,1,9,71.21
4,80.13,0,82828,3,3,76.64
1,98.04,6,86420,4,7,67.58
2,94.95,1,63469,1,10,90.68
2,93.08,9,191497,3,2,67.68
5,97.84,4,105597,5,3,81.43
1,94.2,6,186376,4,6,83.89
8,87.26,10,91333,4,1,64.85
4,95.96,3,146629,4,3,87.7
3,82.24,8,123481,4,5,88.09
7,88.49,0,66563,2,8,82.18
4,88.05,8,55505,1,8,82.74
1,82.17,6,94496,4,10,92.98
9,94.76,3,50548,1,9,97.98
2,94.0,5,190825,3,6,91.63
8,83.09,4,111154,1,9,69.81
9,84.79,3,137474,1,4,91.77
5,88.93,1,78457,1,6,94.49
10,90.73,1,96161,4,5,91.4
5,82.95,5,81485,3,4,80.74
4,82.88,6,153930,2,6,96.04
3,88.19,3,198837,1,4,78.37
6,97.32,5,195894,4,2,77.87
1,83.26,5,85041,4,1,87.9
3,87.82,3,78783,4,9,95.65
4,94.46,10,96034,3,6,74.22
8,90.57,6,165717,2,1,92.13
1,97.11,10,170461,2,7,74.81
8,94.39,8,63143,4,2,72.77
7,91.94,7,197896,3,2,89.61
10,88.34,9,121283,5,9,92.85
6,87.83,3,194111,2,10,65.7
10,92.32,1,189601,1,10,66.03
7,88.91,2,161554,1,3,63.64
1,98.44,5,111661,2,10,79.55
6,94.53,5,101152,2,9,70.14
6,89.69,4,113874,2,5,97.74
1,85.31,10,69209,2,2,72.42
10,83.64,9,141904,3,3,72.65
5,90.43,3,144911,1,7,76.13
3,89.23,9,129318,2,5,92.12
8,90.51,0,83671,2,5,93.32
4,98.69,8,138575,4,2,81.39
7,88.05,3,193906,5,8,75.97
1,96.82,8,196232,1,3,81.04
3,96.27,3,189010,1,8,72.88
3,92.15,4,163119,5,4,95.5
5,80.24,5,185955,4,9,94.3
6,83.14,2,159198,1,7,80.65
9,86.7,5,143742,5,4,72.88
1,81.59,1,96080,3,5,62.38
7,99.99,6,182900,2,6,88.69
7,84.05,8,62069,2,5,80.62
10,83.18,10,59991,2,8,90.42
4,89.72,0,195750,3,1,68.51
2,93.61,10,163272,1,4,95.98
10,87.12,1,153193,1,10,72.3
5,86.21,4,150837,1,8,96.55
2,89.35,3,176687,1,1,73.64
6,94.57,8,71369,5,7,83.54
7,97.77,6,122505,5,5,70.74
6,83.4,3,161145,2,1,70.05
8,99.24,4,146059,3,10,91.66
7,95.85,10,105209,5,9,74.38
9,84.3,1,182656,5,4,97.95
8,90.37,9,146619,5,10,65.97
10,100.0,0,64465,2,8,79.38
2,99.27,10,64943,5,3,65.65
8,97.24,0,139315,5,7,91.08
3,82.32,0,149876,1,4,99.67
6,89.09,10,103655,3,1,99.86
10,80.09,6,196646,1,3,88.34
1,81.11,1,79547,3,2,74.2
9,99.03,1,56162,4,7,78.17
6,90.85,3,184071,1,4,90.78
4,96.98,8,153591,4,7,90.63
8,81.94,10,173537,3,4,63.48
9,99.53,7,129558,4,6,74.16
6,99.49,10,118666,5,5,91.04
2,93.13,6,131424,1,10,68.22
3,88.57,0,179354,2,5,78.02
3,99.72,3,184421,1,3,82.71
1,96.73,3,75827,5,9,70.92
5,94.67,9,82779,2,9,85.56
6,99.99,1,172056,5,7,81.8
3,83.17,7,126306,1,7,76.33
2,97.98,2,155214,4,3,96.3
2,92.14,4,63644,5,3,89.92
4,86.37,4,142933,5,5,97.26
4,86.45,6,155823,3,1,81.58
8,89.78,9,166659,4,9,67.89
8,86.75,5,123675,5,2,68.07
2,81.59,6,152918,4,1,96.64
2,98.54,7,91066,1,10,91.13
7,84.73,10,170175,4,5,75.98
1,82.01,10,51826,3,5,89.21
4,84.74,9,117896,5,7,96.24
6,85.46,10,149536,2,5,68.23
9,98.68,6,135237,4,5,81.92
2,98.9,6,91720,2,7,69.14
1,85.13,7,55124,2,3,65.51
5,91.61,2,183498,4,8,65.91
9,86.16,3,189812,5,5,81.0
7,99.71,0,62925,3,2,93.92
10,89.84,1,71576,5,5,81.97
5,83.25,7,133569,2,1,72.47
9,99.33,1,63776,2,9,61.16
8,96.23,2,52739,4,6,63.73
1,90.46,6,78671,3,2,60.17
6,86.01,7,98348,1,9,98.8
3,91.77,5,152524,4,4,74.54
2,86.56,4,145355,5,4,79.65
7,99.0,4,115217,4,2,79.16
2,80.84,1,112949,4,9,79.08
6,90.08,10,81158,4,3,91.55
10,96.05,1,171376,1,6,64.78
6,92.78,5,127282,3,3,62.17
5,94.58,10,86968,1,6,60.99
8,89.13,1,81680,5,1,98.14
2,86.85,4,181227,2,10,81.83
9,83.0,7,183671,2,6,98.82
1,89.19,7,190952,3,1,79.52
3,88.96,9,119066,1,2,63.5
2,85.23,1,132810,1,6,79.09
10,90.37,10,98211,4,8,80.51
4,90.15,2,197564,2,4,62.55
6,82.13,7,100913,4,7,89.87
10,90.95,3,74382,4,9,88.15
1,83.87,3,92799,1,1,71.2
9,98.65,9,62705,3,7,90.12
1,82.6,10,195032,4,5,91.78
5,80.99,7,71177,4,5,96.49
4,86.01,5,180548,2,1,66.74
7,98.06,3,182902,3,3,95.7
6,96.19,4,175439,5,9,76.4
10,82.68,3,190859,3,10,89.84
6,84.64,8,84100,1,2,73.47
8,89.43,4,131114,5,4,99.54
8,83.38,9,167348,3,5,67.26
2,89.54,0,129730,3,6,64.49
4,99.8,10,108806,4,1,92.39
6,99.05,10,130627,3,2,68.3
4,83.95,9,154103,3,6,77.98
3,81.16,10,102245,5,4,86.7
6,82.22,6,94316,1,7,77.31
1,89.4,8,131398,1,2,73.09
9,95.53,5,90412,5,3,69.36
7,98.35,9,107722,5,1,86.59
2,95.15,8,189204,4,3,71.11
10,93.85,4,64096,1,3,83.3
3,83.86,1,159541,2,3,62.0
5,82.61,1,148940,3,8,87.88
3,90.84,10,196866,4,9,76.82
4,95.1,1,132512,5,2,69.27
3,89.97,9,164301,3,10,88.5
9,88.78,4,154370,3,2,87.26
7,96.02,3,142165,5,9,95.86
5,90.13,4,104762,2,8,65.37
9,82.17,2,177613,3,3,82.02
3,89.52,10,104432,3,8,80.76
3,96.04,3,76299,3,10,73.09
7,92.99,6,55483,2,5,84.96
1,84.13,4,82494,3,3,79.85
9,97.78,0,58698,5,2,98.49
9,94.35,0,177258,1,10,80.38
4,82.73,1,55900,1,7,65.79
9,85.95,10,138741,5,10,85.76
5,87.13,10,163340,3,9,76.0
5,84.44,10,187155,1,1,74.89
2,96.32,4,138466,3,5,94.78
5,85.57,10,193631,1,8,85.06
8,88.8,6,107069,2,7,67.23
3,88.0,10,101141,2,6,91.29
6,84.22,10,126419,4,8,60.93
4,85.05,1,57679,1,10,89.42
6,91.64,9,79652,3,2,85.59
7,82.55,4,98481,2,1,71.94
1,92.78,1,140870,2,3,84.41
3,89.99,8,91559,3,7,68.42
8,81.43,0,194190,1,6,76.58
2,82.97,9,189294,5,7,74.28
5,87.35,2,138610,2,7,70.89
10,85.99,0,88046,2,7,66.58
5,87.62,5,110193,4,5,60.9
4,85.52,2,141815,4,7,90.33
7,97.0,9,148333,1,9,87.87
2,97.28,9,140160,2,1,97.94
3,87.92,3,113240,5,5,77.27
3,80.62,6,130080,4,1,97.03
4,95.97,2,56275,1,10,87.9
2,91.57,6,75158,4,8,60.96
1,83.82,10,114674,2,1,94.09
3,85.99,1,159702,5,3,68.0
7,96.23,4,107217,5,8,61.85
10,87.55,1,93142,2,3,97.57
3,96.37,10,142241,4,10,81.88
9,86.15,3,64578,3,8,90.43
6,97.88,5,68252,3,8,79.87
7,84.95,3,127639,1,7,96.15
5,96.6,6,64376,4,4,99.72
3,89.3,10,104265,4,8,90.5
7,90.22,5,104909,4,5,72.44
8,82.95,3,127048,3,7,74.77
8,89.24,9,93426,1,4,62.63
8,89.68,10,108927,1,2,63.96
6,92.55,4,117486,4,7,91.62
2,92.77,1,134354,3,6,89.56
7,96.6,9,157134,4,7,76.6
4,96.38,5,125102,4,2,66.03
2,91.21,8,87193,1,3,71.8
9,95.83,1,84484,4,3,90.87
6,87.97,8,54229,3,9,77.46
5,86.41,0,148127,3,9,85.54
8,98.65,0,173400,3,2,67.33
7,98.66,5,84232,5,4,69.81
1,96.56,7,73821,1,3,73.78
2,84.82,7,197039,3,6,94.55
8,96.67,0,137476,5,5,83.1
6,90.35,0,51886,2,9,91.67
4,81.74,5,155374,4,7,87.02
6,87.69,3,167841,2,6,78.76
2,80.27,6,107453,5,1,82.51
5,90.97,10,57827,2,1,68.39
4,86.31,10,66313,1,2,92.82
2,92.31,10,101890,4,6,84.56
10,98.24,3,122022,1,7,79.53
7,81.0,8,196280,1,4,75.32
2,97.43,10,153981,1,4,71.33
1,91.43,8,76307,5,6,90.59
4,92.92,1,110816,3,7,78.19
5,96.62,4,178249,5,5,60.38
3,87.79,0,172427,5,10,68.95
9,84.24,10,130292,4,3,84.76
8,84.39,10,64840,1,5,78.93
9,96.98,5,167110,5,10,83.07
10,96.38,2,99993,2,6,70.55
3,81.03,1,104982,5,1,61.12
3,99.54,8,57068,2,2,85.42
7,82.35,8,186443,4,7,98.36
4,83.47,0,179096,3,10,73.83
6,87.21,7,150898,4,6,67.49
4,86.58,8,110278,1,10,73.93
6,89.98,9,59794,4,8,96.46
10,82.77,2,91992,1,9,78.75
2,81.56,3,146732,3,2,92.47
1,91.1,8,174046,3,4,83.36
4,96.4,2,175158,5,4,93.29
5,81.15,3,139166,1,6,92.65
2,88.91,1,87557,2,8,81.49
1,84.88,6,145987,3,4,93.49
6,82.91,0,143825,4,4,93.47
7,97.78,5,74885,1,3,76.61
7,90.3,8,62050,3,1,66.18
6,90.8,9,70711,3,8,84.6
10,82.7,9,72324,5,4,72.46
2,98.87,1,159157,3,2,70.38
4,90.0,10,151305,4,10,70.53
4,86.43,8,141565,2,3,80.41
9,94.06,1,121353,2,1,97.52
3,90.66,5,73903,2,3,97.56
5,97.63,6,122707,1,5,85.92
3,86.93,10,102110,5,3,79.69
2,97.21,6,89130,1,4,92.62
4,81.87,6,98210,1,6,93.65
9,87.54,9,94956,2,10,71.43
8,99.48,6,93795,3,7,70.03
8,99.53,7,108841,4,7,88.2
9,97.96,1,121144,1,1,90.38
4,94.27,9,90046,1,3,96.68
2,82.12,1,66500,5,7,87.55
6,81.9,6,55134,5,7,94.61
8,95.06,4,175322,5,5,67.59
5,98.63,10,185592,2,2,77.9
7,83.76,5,50234,1,5,94.7
1,99.41,3,134764,5,10,78.88
4,94.78,2,98056,4,5,75.92
6,96.81,5,63639,5,7,81.28
10,86.15,2,127545,5,9,64.98
4,99.91,5,84793,3,10,71.47
4,97.09,2,128118,3,9,72.76
10,93.26,1,72013,5,5,79.16
4,95.89,2,164922,4,5,74.65
4,83.51,6,118503,4,8,94.09
8,98.03,6,146823,3,7,72.55
7,84.7,0,57896,4,1,89.28
4,82.48,8,78467,2,7,81.01
6,92.7,10,70742,1,4,95.38
4,80.28,3,74493,2,9,68.63
5,82.73,4,67022,5,7,94.18
5,99.89,9,72288,4,7,72.14
1,88.28,7,63161,4,7,85.07
10,98.34,4,96839,1,5,70.65
7,88.95,10,94178,2,2,81.44
4,94.26,0,150209,5,7,71.01
10,82.13,1,100536,2,9,96.67
1,98.92,7,57654,1,5,78.07
2,85.27,7,197836,2,1,62.53
8,97.07,8,159134,5,3,80.3
10,82.79,4,196836,5,2,90.5
8,94.0,4,60124,5,3,74.42
8,92.03,6,193015,1,5,65.11
2,82.74,1,177170,4,6,73.25
1,95.93,8,76387,3,5,89.28
7,82.72,4,119595,1,9,82.99
4,97.67,7,98922,1,7,63.88
10,82.89,1,113191,2,5,93.85
1,90.83,10,70097,2,6,71.76
10,81.54,2,155518,3,3,64.65
8,95.9,8,60982,2,5,82.42
7,92.25,5,153520,1,2,91.15
10,86.72,3,197366,3,9,75.48
4,89.44,6,86303,4,5,71.71
5,89.04,7,88290,1,1,89.06
3,88.85,10,131368,3,4,83.25
9,99.28,8,101465,1,1,88.44
5,96.69,8,141626,4,5,84.87
10,87.52,7,194697,1,7,97.28
6,83.17,1,137344,2,8,73.85
10,86.09,9,65243,3,10,91.61
6,85.02,9,52041,5,5,74.34
9,94.0,9,169220,3,5,65.46
5,90.84,2,144807,2,6,84.56
5,89.13,6,57297,4,9,74.68
7,97.33,1,163126,3,5,87.12
8,93.98,0,168458,4,8,94.26
7,95.44,3,102503,3,8,62.6
1,80.24,10,149619,1,4,61.96
8,88.34,5,184742,2,4,84.36
5,85.18,0,195092,4,8,73.52
9,94.62,1,98765,1,2,67.64
3,92.24,7,97803,1,4,97.78
5,96.24,4,135964,3,2,74.94
2,87.62,10,181161,4,8,75.38
7,83.37,3,142770,3,7,61.96
4,96.23,2,108147,1,1,96.19
9,85.03,4,94822,2,9,91.17
10,94.35,6,193745,3,3,79.26
7,87.42,3,170706,5,1,82.03
4,90.38,9,173161,3,2,85.52
7,90.11,4,189474,5,3,69.18
6,96.79,4,134946,5,9,86.69
1,92.25,7,65969,5,7,60.32
8,90.66,3,108319,2,6,84.58
6,82.41,0,82082,1,6,85.39
5,94.25,4,133935,2,7,85.55
5,97.19,0,167548,3,6,83.62
3,86.74,3,137363,2,4,98.77
9,84.45,6,106011,1,9,76.19
3,99.42,8,179029,4,3,69.59
8,86.27,8,142780,1,5,66.37
8,82.91,3,91352,4,2,77.0
9,93.1,4,196704,2,1,77.73
9,90.45,2,69578,5,4,72.93
9,92.9,4,142828,4,1,93.95
7,83.74,0,86238,1,6,91.26
7,90.33,10,182765,5,3,77.2
9,99.06,0,96851,1,8,62.48
1,95.06,8,142930,5,8,97.28
7,86.54,10,162606,5,3,85.59
10,92.89,9,110116,2,6,71.98
8,83.55,9,84885,4,6,76.83
4,87.08,10,161524,5,3,96.85
2,89.21,0,102834,1,5,70.75
10,80.2,0,174886,1,7,89.06
1,86.9,6,89986,4,5,75.2
8,90.99,5,127163,1,10,82.1
2,89.4,8,61983,5,6,91.02
1,88.9,10,166735,4,7,78.1
1,95.13,3,144685,1,4,81.43
4,94.97,3,68198,2,6,86.3
7,91.82,4,103941,5,4,94.9
1,89.24,4,91795,4,1,65.35
10,93.82,6,50684,3,8,99.54
9,88.55,7,126089,3,9,64.63
7,98.13,0,73485,3,8,92.38
6,96.64,1,74137,3,8,70.35
7,86.26,5,119698,2,6,93.27
9,96.13,7,191402,1,2,89.05
7,93.25,5,74431,2,4,83.29
6,95.55,4,141065,4,2,93.4
3,82.07,9,139735,4,7,66.45
5,80.27,2,178085,5,7,83.62
5,90.48,6,93444,5,10,63.92
2,97.82,9,146087,2,6,87.49
6,96.6,5,68176,5,2,78.22
7,80.75,6,155332,1,8,62.36
3,94.16,2,184803,2,4,70.52
2,98.27,5,107711,4,9,76.83
2,89.39,7,144446,4,3,94.7
1,80.93,2,116978,4,4,76.91
7,92.16,8,161331,1,1,78.08
4,88.27,8,128131,3,8,70.66
3,84.06,0,106468,5,3,69.09
6,95.41,8,145184,4,1,97.18
2,97.58,7,127911,2,9,85.1
5,87.15,1,93583,2,5,83.49
10,94.19,2,167275,3,2,91.17
6,80.79,7,154078,3,3,85.54
7,97.39,9,94434,2,10,85.0
1,88.59,1,91891,5,10,60.68
1,83.9,10,95257,3,2,70.23
9,85.33,3,106880,4,1,81.82
2,82.73,8,159868,3,5,75.82
10,95.66,5,116541,4,2,78.32
7,94.38,1,147044,3,10,95.61
4,89.78,8,56548,2,8,87.04
9,98.8,0,57164,1,5,87.85
9,92.02,10,150723,3,5,89.25
10,99.38,8,140679,4,7,81.31
3,97.47,3,130619,5,3,93.56
5,96.4,5,189783,2,2,61.12
8,91.94,10,170931,5,1,94.03
10,90.72,4,69681,4,4,95.42
9,96.78,0,145407,5,9,90.21
6,93.1,7,84847,2,2,89.1
7,82.91,7,59101,1,8,65.32
5,84.9,0,136520,3,4,77.81
6,95.12,6,79178,3,4,69.76
6,80.46,9,50931,1,9,72.9
2,91.24,8,186283,2,2,68.85
2,82.52,6,121644,2,1,91.39
1,87.72,10,192094,5,3,73.52
3,98.33,0,187980,3,8,87.11
1,87.44,3,82117,2,6,91.38
10,93.93,0,81601,3,8,67.23
4,81.84,10,66093,4,3,90.22
6,83.43,4,132111,2,8,68.72
3,88.72,10,57167,5,9,98.72
6,83.3,7,182242,5,2,73.32
3,87.67,0,57267,1,10,61.29
4,92.54,1,110665,4,10,81.85
8,85.79,6,93155,3,7,62.31
2,92.6,0,159287,2,1,84.69
1,81.72,9,57344,2,2,74.29
7,98.57,3,90147,1,9,98.47
1,98.81,2,111666,3,6,87.26
1,92.93,0,54494,3,10,61.78
6,89.73,5,67897,3,4,93.98
3,92.66,6,132408,2,1,84.81
7,96.48,7,159167,1,4,98.39
9,90.07,1,54130,1,10,69.1
9,86.99,8,152729,2,3,69.58
7,90.11,0,115750,2,9,80.01
5,99.44,7,57815,3,1,63.74
9,96.51,9,169874,1,7,73.75
3,86.63,8,133428,1,5,75.74
6,91.38,9,131147,5,8,78.2
6,80.65,3,180729,2,6,92.0
6,85.85,10,87890,2,9,78.4
3,89.12,6,181205,3,8,96.38
9,92.59,2,113369,1,3,86.11
10,91.2,2,181594,1,5,62.52
6,99.49,7,156714,3,10,81.0
5,89.6,4,174124,2,6,81.42
10,80.59,9,133098,2,10,81.3
9,94.2,2,76732,3,6,86.15
10,83.58,4,63247,5,3,89.85
7,88.45,3,95637,5,9,93.52
1,83.31,2,112345,1,2,83.22
10,99.21,1,150719,2,1,96.53
7,96.11,4,80501,2,3,94.15
1,98.9,4,59305,1,7,86.64
10,90.93,0,151134,1,2,84.44
5,98.84,1,81030,2,9,79.95
2,94.35,7,168423,4,2,93.47
8,94.16,7,195163,5,9,95.78
10,83.01,9,120599,5,7,90.44
9,82.02,9,116735,1,5,97.41
7,93.82,8,160265,4,1,86.39
8,92.2,5,175077,2,9,83.4
4,80.34,3,52275,1,3,78.92
8,92.3,4,151454,2,9,61.3
8,92.98,3,160464,3,10,61.88
10,95.88,9,131704,5,2,92.51
9,95.91,10,150897,2,9,76.43
8,95.1,6,108301,3,9,82.15
2,82.78,0,156148,4,3,84.28
6,90.37,10,117104,5,1,95.13
7,80.36,8,111893,4,1,91.87
9,99.58,9,165640,2,9,69.99
4,87.2,0,107021,1,10,81.92
2,99.79,9,69330,5,3,69.99
3,90.38,5,179132,4,6,77.15
1,91.65,9,125958,3,2,92.16
7,90.29,9,145054,2,10,69.68
5,92.52,9,117309,1,4,82.14
4,99.82,9,166896,4,1,64.58
10,83.13,4,57771,4,10,73.46
2,85.51,8,74300,1,3,91.34
3,84.01,7,110641,5,4,84.97
5,86.14,1,172045,1,3,79.88
4,93.07,1,142807,2,8,97.04
1,99.25,0,150893,1,6,77.62
4,99.6,9,103237,2,1,64.07
10,97.2,10,88831,5,5,83.02
7,94.34,8,142545,4,2,78.38
3,91.91,6,185156,2,8,76.72
9,95.54,6,154001,1,6,65.52
5,96.32,6,164485,1,10,85.1
8,88.88,1,150923,1,3,75.23
3,82.98,6,126061,3,3,67.87
8,88.96,3,156743,1,8,69.29
2,89.36,6,189108,5,6,73.57
3,83.59,2,196157,4,8,61.8
5,99.52,9,81118,3,2,68.29
8,93.95,0,87850,5,3,93.18
6,84.2,6,193934,1,4,72.68
4,91.52,9,132457,3,4,66.18
10,96.09,3,112945,5,3,74.9
10,82.42,3,94972,5,1,98.47
6,97.55,5,150481,2,4,69.66
7,87.2,8,93760,5,5,67.17
3,98.57,2,146737,4,6,74.14
4,95.99,2,161191,2,8,81.78
10,98.52,7,153656,5,7,94.13
6,99.2,2,94631,3,7,99.52
2,83.2,10,186889,1,1,95.39
8,92.17,10,153884,4,10,69.43
7,98.29,6,86307,4,4,84.16
9,89.3,4,76918,5,7,91.01
8,84.42,1,123432,2,10,79.89
4,90.33,9,192793,5,8,94.2
1,90.17,7,181814,2,4,78.21
2,85.04,6,50585,2,5,99.09
4,86.56,5,104319,4,8,74.12
7,83.94,6,145244,4,10,74.63
9,82.06,2,94425,3,4,71.0
6,84.44,4,176547,3,1,62.73
7,97.96,2,96209,4,6,77.37
2,93.31,10,113808,4,2,92.77
5,91.64,10,126797,5,7,73.55
6,88.13,1,184708,2,8,99.57
8,92.52,10,52948,1,7,94.1
10,90.47,2,180439,4,7,79.12
3,92.27,5,77665,4,7,66.16
8,98.16,3,180038,5,8,64.79
3,91.64,6,136974,3,8,94.39
6,91.23,0,138336,5,4,99.75
6,81.05,6,199690,1,6,64.33
1,91.69,0,153932,3,4,78.07
9,82.43,2,98578,3,8,87.19
4,91.79,6,115764,2,7,87.74
8,86.45,0,168318,3,6,64.39
4,92.97,5,65739,3,9,88.7
10,83.86,5,159827,1,1,83.5
4,81.11,7,81163,2,1,69.03
4,92.38,9,121452,3,10,65.14
5,91.47,1,93338,1,5,83.84
7,80.01,5,83911,1,8,99.88
1,85.15,8,85192,1,3,92.65
3,89.41,6,193850,5,9,75.21
6,93.88,9,188523,5,1,75.4
9,90.62,6,109817,5,10,63.31
2,99.59,4,198395,2,6,99.97
4,98.42,3,114217,5,3,87.51
5,96.17,3,109817,2,10,83.64
9,82.88,1,122026,5,9,99.92
9,85.23,0,135658,2,3,62.12
10,88.95,5,112675,3,3,98.82
5,88.36,9,91059,5,4,65.33
5,98.77,5,169585,4,10,64.62
1,93.03,9,101141,5,10,89.2
6,85.98,1,52652,4,3,62.04
7,99.3,3,150329,1,4,90.7
1,91.93,7,67924,3,9,93.01
5,96.0,3,169858,5,1,70.49
4,83.9,10,194808,5,10,71.07
4,84.04,5,95966,5,10,64.95
2,81.02,2,100083,2,7,76.61
9,87.5,8,134420,4,7,83.14
10,97.97,4,127758,5,7,97.61
3,95.95,5,118730,4,7,60.23
6,88.72,8,150513,4,7,94.8
4,94.86,3,68401,1,3,86.89
5,89.41,3,126383,4,10,92.85
1,80.95,3,163071,1,2,82.18
5,91.81,7,152859,4,9,71.3
9,96.21,8,89864,4,2,94.69
10,93.92,4,157698,2,2,97.08
6,98.92,9,175988,4,3,69.18
1,86.18,4,153967,2,7,97.89
3,98.23,2,119484,3,5,81.79
4,83.14,2,190567,1,3,96.6
5,84.04,9,188407,2,5,62.64
6,91.71,1,122803,5,10,66.66
5,88.12,1,99095,2,7,81.01
6,84.13,4,111826,4,4,63.88
8,88.28,2,196789,3,10,69.84
1,89.39,5,106686,5,10,93.36
9,88.65,5,150889,2,1,97.42
8,90.28,3,185426,2,5,68.17
8,92.64,2,177059,3,5,82.29
4,86.07,0,182059,3,4,63.46
10,95.99,3,130821,1,6,83.83
10,85.87,2,131071,1,7,80.25
2,95.4,1,120006,5,1,65.5
1,84.36,2,172273,4,4,87.28
1,92.69,7,187608,5,4,81.32
1,93.99,8,130015,3,4,72.72
3,97.32,7,187707,2,4,91.39
7,97.28,4,81195,2,8,62.22
1,94.8,5,188239,5,9,95.49
1,83.84,5,73415,3,1,71.73
5,97.68,5,72976,4,5,88.51
7,85.35,8,76687,1,6,69.2
1,94.74,1,96510,4,5,67.69
4,83.37,2,160634,2,7,99.28
4,93.52,7,138948,4,9,65.25
3,84.9,6,197006,4,9,85.01
3,82.09,1,150734,5,2,81.14
7,92.69,1,152139,5,6,89.89
9,96.54,3,162717,2,8,69.35
8,98.06,4,162335,1,1,61.96
10,91.32,10,157441,1,9,60.54
7,81.02,1,109767,4,3,70.01
3,95.54,6,73787,5,2,77.81
2,86.79,10,68040,4,6,87.91
7,87.74,1,87267,2,4,93.88
1,82.78,3,139976,4,10,84.78
8,99.4,2,77897,4,2,97.68
9,92.97,5,151157,2,7,93.54
3,88.24,4,157327,4,10,82.79
2,83.44,4,92591,2,7,86.86
2,88.93,7,157703,4,7,73.36
9,96.46,2,193905,3,5,97.85
9,99.15,0,127779,4,1,66.35
6,86.62,4,75719,4,6,95.75
3,88.19,6,143751,5,3,81.42
5,96.64,6,152023,5,4,83.28
2,80.01,8,91715,1,8,71.38
5,86.1,8,164510,4,8,75.13
2,99.44,9,154103,4,6,77.9
1,93.68,5,189921,1,6,89.2
3,98.75,2,166520,1,10,92.6
8,97.33,2,52769,1,8,66.79
2,92.87,3,164663,5,6,77.73
10,87.59,1,128095,5,3,84.18
3,99.68,5,132585,5,9,82.04
2,81.03,4,59179,5,2,65.65
4,87.93,3,135655,4,7,79.2
6,90.98,2,57057,3,7,63.52
8,98.49,1,88324,2,4,90.54
8,90.3,5,167050,5,8,60.47
8,98.54,2,173256,3,8,93.28
3,89.0,1,186507,2,10,98.41
9,82.57,0,137548,5,3,60.44
1,82.56,5,173654,5,2,78.42
6,84.49,5,135206,5,2,73.1
8,81.2,1,134414,3,8,87.32
5,94.86,7,193069,4,1,90.99
9,82.05,5,174001,3,5,93.55
7,99.14,0,51643,5,9,73.71
3,84.17,10,71338,1,4,98.49
7,84.45,1,166935,4,5,60.94
5,83.22,2,165986,4,10,92.62
5,80.59,4,141290,3,3,87.8
1,93.48,7,153487,1,9,86.1
1,97.31,8,175973,2,3,68.64
1,84.05,9,95921,1,4,80.79
10,84.73,7,116904,3,6,91.02
7,93.27,9,89090,1,9,97.69
5,87.48,10,80636,2,6,73.46
1,89.19,3,58044,1,6,97.22
4,89.18,6,80483,1,10,60.1
2,88.11,0,119375,5,6,95.32
7,86.93,9,163303,3,1,84.99
5,81.91,6,193961,5,4,97.64
4,83.71,4,77248,5,5,86.95
7,99.26,8,120256,2,5,75.91
1,89.36,9,186769,5,6,97.16
1,95.81,5,86401,3,9,66.15
10,91.88,8,63836,5,7,91.98
4,84.6,6,112880,4,4,61.76
10,89.9,10,74875,1,3,66.13
9,84.01,7,186196,2,9,96.31
2,98.63,5,61058,5,4,76.86
2,81.97,6,158446,1,10,63.43
10,86.98,7,188515,5,8,77.44
2,97.18,7,165021,2,8,63.68
7,84.47,6,114296,2,9,96.19
8,98.68,6,183430,4,7,89.09
5,82.25,1,155558,2,10,80.67
8,99.94,5,134718,3,5,92.52
6,91.01,6,152298,4,4,77.57
9,90.89,3,50832,4,10,62.74
6,85.93,7,96357,2,6,68.33
4,87.24,6,68392,2,3,94.47
1,80.76,9,88499,4,8,93.26
4,90.42,3,129917,4,5,71.77
1,90.44,1,195288,1,2,75.69
10,93.77,3,185931,4,8,83.07
3,96.35,10,180404,1,7,77.88
6,96.41,7,70809,2,7,62.5
5,83.48,10,178198,3,8,62.71
3,85.37,1,189445,2,8,74.63
6,82.81,0,144226,3,3,97.22
1,92.74,4,121535,2,4,63.84
8,89.39,10,136629,2,1,71.92
7,97.46,10,146781,5,8,95.12
10,97.33,0,168721,3,4,94.73
7,82.3,2,55193,3,7,93.48
2,97.82,2,134229,2,4,76.56
8,93.09,3,150247,1,10,60.93
8,80.82,10,90892,2,2,70.36
10,94.0,9,95504,3,8,97.0
7,99.46,8,60850,1,6,93.37
1,99.07,4,53903,2,5,71.43
1,80.88,4,90706,1,3,94.83
7,99.52,1,154928,4,2,62.54
8,83.82,4,94788,3,4,95.19
3,97.66,8,109336,4,1,87.97
3,97.94,7,164523,5,5,97.02
1,86.22,4,59726,3,1,99.18
9,81.66,2,71664,3,5,72.26
7,88.41,8,62609,3,2,99.01
2,81.27,9,169489,5,5,61.19
5,87.11,5,141387,1,8,99.84
8,88.32,1,134689,1,3,96.95
3,85.54,6,199194,5,1,72.3
5,94.65,8,187728,5,9,67.53
2,90.87,7,85574,4,7,64.23
4,92.04,9,88720,2,9,94.83
6,91.31,0,132831,2,6,86.91
3,96.66,0,62826,4,10,87.23
7,98.63,10,141361,1,6,85.46
6,83.07,4,85011,5,7,65.96
7,97.58,5,161833,2,4,98.98
1,90.39,7,132723,5,3,80.46
6,85.16,1,101807,3,1,95.0
4,95.44,2,108302,5,2,80.01
3,89.45,7,90891,3,1,64.67
8,99.84,3,92198,3,5,94.23
3,92.43,7,86451,3,7,86.07
9,92.63,2,59320,5,4,66.43
3,85.68,5,172348,3,5,77.91
4,91.81,8,108974,5,2,79.66
1,87.19,3,185133,4,8,82.01
10,96.15,8,168942,5,5,73.67
6,88.33,0,67328,2,2,68.3
4,86.28,10,182286,4,6,81.33
7,86.98,8,162283,5,8,70.54
9,99.64,7,191444,4,10,77.0
2,95.18,1,183564,5,10,95.25
10,83.8,6,71830,3,5,64.71
3,88.11,8,135203,2,8,67.3
10,98.44,5,129321,4,2,82.18
6,85.69,7,151676,2,4,65.61
7,82.42,6,85600,3,5,97.08
8,95.74,3,70352,5,3,99.57
2,90.78,4,100657,4,1,80.27
10,85.2,2,179791,3,10,93.06
1,80.47,5,124166,3,5,90.12
1,84.76,10,142691,3,2,83.8
6,91.54,3,95955,1,6,66.73
9,98.99,1,55266,3,2,79.71
3,88.71,6,157278,1,9,91.92
7,89.85,1,117283,3,8,97.43
7,96.67,1,92193,5,1,94.46
9,92.21,7,165192,2,10,60.54
9,99.07,1,189054,5,10,76.34
2,95.26,4,118861,3,3,62.08
6,83.35,6,165528,1,2,69.26
1,84.07,1,141757,3,2,77.99
4,83.21,1,149021,2,5,72.72
6,92.55,0,81168,1,2,62.12
4,80.15,5,70901,4,5,90.59
4,93.85,7,168690,5,9,90.94
9,86.0,10,180064,1,5,60.52
1,88.83,4,83159,2,6,61.01
9,84.12,2,116031,4,10,87.7
2,89.81,9,117928,2,2,67.99
10,91.89,1,114044,1,6,72.4
1,80.03,4,52729,4,2,93.28
3,95.87,4,128815,3,9,61.23
8,92.57,7,60945,3,4,92.23
2,95.22,5,138039,3,9,60.32
7,98.51,9,135872,4,6,63.73
5,88.01,7,87939,3,8,62.27
5,84.75,7,68135,2,7,69.99
7,84.69,2,138144,1,6,94.43
9,92.53,5,173152,2,10,67.27
7,98.08,2,70915,1,4,81.5
1,80.09,7,166751,3,4,94.43
4,84.18,7,138394,5,5,95.61
10,84.15,7,139633,5,2,83.87
2,94.41,3,176151,5,4,95.65
8,93.72,3,50123,2,6,93.71
2,89.2,7,151973,3,4,68.74
7,84.67,3,86102,2,3,79.25
1,86.39,0,101225,5,7,76.48
8,81.15,8,60140,3,7,81.32
4,82.57,2,144209,1,5,61.78
6,98.66,2,176902,5,6,81.94
7,92.7,10,120450,1,5,96.32
8,93.97,1,127177,5,6,69.24
5,88.78,9,189878,3,7,67.93
2,83.26,6,168606,4,8,89.48
10,95.42,7,173313,1,1,61.11
5,93.29,1,68887,5,9,92.51
10,94.72,2,174080,2,8,66.68
8,97.08,1,56277,3,9,98.1
6,88.42,2,183216,2,4,99.26
4,88.78,10,167446,3,2,87.81
10,96.2,3,59739,5,6,61.14
9,90.21,6,52905,2,3,95.79
9,87.45,8,119998,2,1,74.92
6,85.71,7,145717,1,5,97.1
3,99.58,9,127815,4,9,80.47
8,89.99,9,127014,4,10,86.74
9,87.47,2,108401,3,1,92.27
1,97.73,7,114892,1,3,77.07
9,88.13,3,191522,3,3,87.17
8,96.89,10,96811,4,10,64.73
5,94.64,2,156481,1,8,90.43
5,93.59,1,109057,4,3,63.95
3,83.5,7,161161,4,9,64.44
1,80.96,8,98632,1,5,72.52
6,87.26,3,199817,2,4,94.47
3,97.9,4,52645,2,1,99.7
4,81.46,1,145172,2,3,98.35
2,99.7,0,162258,2,2,79.2
5,97.96,2,63026,4,5,63.83
10,81.64,10,106521,2,9,65.55
9,93.14,8,64283,3,9,81.64
5,95.83,0,52075,2,10,64.29
3,84.96,3,193256,5,3,87.14
3,86.07,3,174119,2,2,91.81
6,91.79,8,147399,5,3,93.95
7,84.24,3,127522,4,4,98.97
5,90.65,5,91379,5,9,92.05
8,95.17,2,94845,5,1,92.78
2,92.68,0,82496,4,3,98.13
7,87.95,2,90864,1,8,85.78
3,85.16,3,157610,5,1,76.81
4,82.82,7,115327,3,8,65.66
5,91.7,9,75277,4,3,85.97
8,95.98,6,126717,5,8,67.14
9,84.09,1,93832,4,10,94.47
3,86.95,1,69790,2,10,95.05
9,80.88,1,107567,3,2,78.76
3,88.72,7,153875,3,1,75.15
9,94.2,1,67681,2,4,85.81
5,91.57,9,164628,2,8,88.28
